country,ISO3,n_pa,protected_forest_area_mha,elevated_visibility_area_mha,area_weighted_pest_prob
United States,USA,492,11.3117580061779,10.2164148226529,0.374003340883935
Canada,CAN,501,19.8025820140692,6.08497904712121,0.0795649284683194
Mexico,MEX,112,5.42037937453597,3.88235618763858,0.193443950031595
Australia,AUS,174,3.4693441993105,3.13009855358295,0.338283918691255
Japan,JPN,102,3.28642169084894,3.02927276911834,0.260718321238825
France,FRA,123,2.73711407262751,2.73711407262751,0.847260978564453
Brazil,BRA,595,93.5301145187079,2.44399513631406,0.00661345038660141
Indonesia,IDN,119,13.7539796313894,1.9148219124911,0.0315682450014949
Russia,RUS,670,23.8610795640391,1.70456045953288,0.0166667505298168
Thailand,THA,119,2.9908767862819,1.40275552848681,0.075230128004952
Colombia,COL,105,12.8455165683743,1.32858693862585,0.0188739180907909
Venezuela,VEN,102,8.62112154273351,1.23710574622252,0.0291056391248248
Spain,ESP,113,1.14256286362188,1.14256286362188,0.81045909290358
Italy,ITA,111,1.03301761058209,1.03301761058209,0.44388783383001
Romania,ROU,63,1.04628395402037,1.00981387971993,0.192235751272427
Guatemala,GTM,18,1.43644942035284,0.908800524394163,0.130943522726538
Chile,CHL,31,3.36347956330944,0.88438529141361,0.0536636249283381
China,CHN,26,1.84100021133097,0.8483578643744,0.0843323553738037
Vietnam,VNM,63,2.00927711052496,0.764338939175184,0.0686820904522213
Nicaragua,NIC,13,1.95652763287392,0.748335725719766,0.0793321624063199
Bolivia,BOL,52,15.6000289026725,0.737368664478293,0.011477372544832
Ukraine,UKR,109,0.903087183066659,0.699090826218086,0.157471768388435
Poland,POL,120,0.627869658267586,0.627869658267586,0.47806345222581
Philippines,PHL,45,1.80496447618745,0.617018545283954,0.0652409472820782
Latvia,LVA,44,0.656273394267385,0.58706670365593,0.162771710473757
Madagascar,MDG,45,1.911478073833,0.5828564106288,0.0488915199621275
Austria,AUT,41,0.512028703007777,0.512028703007777,0.628866886493507
Argentina,ARG,34,1.92303924731082,0.457429934309355,0.0472340921215679
Laos,LAO,26,2.88795166028584,0.415015044997039,0.0340524566271171
Costa Rica,CRI,5,0.43220760735106,0.392267911121967,0.212082225718155
Czechia,CZE,35,0.389191530218703,0.389191530218703,0.700440482823301
Serbia,SRB,27,0.40425666159293,0.381657495165164,0.292039844899441
Papua New Guinea,PNG,8,0.730598941877007,0.37547433222926,0.0790209284636567
Greece,GRC,47,0.373673556128815,0.36650495430065,0.26798749721854
South Korea,KOR,9,0.339435319237459,0.339435319237459,0.471822203982269
Gabon,GAB,17,4.02374988501974,0.327304019331973,0.0202281261008564
Ecuador,ECU,23,3.39599769404791,0.324663640064714,0.0214888581585192
Belarus,BLR,45,0.568671233797807,0.319319292050941,0.0822528013233814
Malaysia,MYS,58,2.41692193167885,0.318680288008519,0.0315254104897655
CAN;USA,CAN;USA,2,0.441495746385038,0.30012280448866,0.244558976018039
Nepal,NPL,18,0.39577066508696,0.262458636409773,0.113368589203093
Lithuania,LTU,48,0.254066849325213,0.252352551699987,0.267959931997159
Georgia,GEO,30,0.482026854496028,0.24775218882858,0.079392797975134
Honduras,HND,22,0.690821409907204,0.246146801202838,0.0861612548266904
Côte d’Ivoire,CIV,105,1.56801293829626,0.235493871019126,0.0333350439581447
Portugal,PRT,13,0.226083526861164,0.226083526861164,0.813878397698045
Bulgaria,BGR,20,0.216017609041879,0.203398253464298,0.157528431271477
Croatia,HRV,28,0.201433495938607,0.201433495938607,0.400762627979229
Cuba,CUB,12,0.210474413516263,0.201285987273749,0.216051845951499
Paraguay,PRY,19,3.07855779194036,0.197103846730466,0.0147593013963281
Sweden,SWE,48,0.19655937123548,0.19655937123548,0.552285971869629
Benin,BEN,14,0.220599894013062,0.183573549718668,0.143202986712955
Germany,DEU,53,0.178770739707474,0.178770739707474,0.790804019382755
Belize,BLZ,9,0.177476275488383,0.177476275488383,0.195071956072322
Guinea,GIN,23,1.47288977112352,0.175878475307006,0.0364888694755626
Bhutan,BTN,15,0.344329472200815,0.161533424405641,0.0727003296402292
India,IND,5,0.345999186787369,0.156277783485053,0.0612513766420162
South Africa,ZAF,28,0.213115241450519,0.154881094999929,0.101389766101026
Tanzania,TZA,127,3.22518286350815,0.139867319517639,0.0119495058526617
Ghana,GHA,54,0.598065097200276,0.139205718162137,0.0442863258449253
Slovakia,SVK,18,0.138137590719634,0.138137590719634,0.582651430355275
Nigeria,NGA,78,1.12222988323956,0.133331953483675,0.0297385370569992
Hungary,HUN,20,0.12904746895048,0.12904746895048,0.526541985102782
Panama,PAN,17,0.769070861612457,0.128927475295129,0.0357204101468151
Estonia,EST,25,0.127914300302857,0.127914300302857,0.304173604913616
Dominican Republic,DOM,13,0.133196488845149,0.127062189154745,0.146287102346471
Azerbaijan,AZE,9,0.223176027256906,0.123723269537617,0.0767435236975539
Congo - Kinshasa,COD,41,23.3199448708153,0.121405300814192,0.00414219450654593
United Kingdom,GBR,34,0.121247768023779,0.121247768023779,0.754429003878048
Myanmar (Burma),MMR,24,2.64056999820715,0.118486816823733,0.0191371138500016
Peru,PER,58,19.0973170190663,0.116667510472182,0.00481404759081148
Taiwan,TWN,7,0.108798978415532,0.108798978415532,0.209915414273377
North Macedonia,MKD,12,0.106732952964891,0.105843625957056,0.248571316832993
Mozambique,MOZ,31,4.71512130028252,0.09004990383824,0.0105778055575369
Ethiopia,ETH,54,2.57040339210623,0.0891191212963137,0.0137570029950517
Bosnia & Herzegovina,BIH,12,0.0856334647208167,0.0856334647208167,0.190561412483727
Kenya,KEN,37,0.297511124661466,0.0766607689591962,0.0383356380888368
Albania,ALB,12,0.0828734404734163,0.0762174241068652,0.187287766061772
Cameroon,CMR,24,2.20319241338036,0.072300552530355,0.011303523042044
ALB;AUT;BEL;BGR;DEU;ESP;HRV;ITA;ROU;SVK;SVN;UKR,ALB;AUT;BEL;BGR;DEU;ESP;HRV;ITA;ROU;SVK;SVN;UKR,1,0.0784573187918198,0.0718851207384099,0.325864637864385
Equatorial Guinea,GNQ,8,0.279432005622515,0.0718527594132336,0.0370363072609679
BLR;POL,BLR;POL,1,0.0656666192329188,0.0643562750870554,0.240943459931852
Montenegro,MNE,11,0.0622116274647065,0.0622116274647065,0.237080166682838
Sierra Leone,SLE,15,0.176584536618042,0.0587922438680718,0.0579802911998941
French Guiana,GUF,6,2.29730686304769,0.0584908410810142,0.00763401778434034
Senegal,SEN,15,0.145658345333517,0.0583284897214822,0.0647612975702465
ESP;MAR,ESP;MAR,1,0.057149536542575,0.057149536542575,0.668111458110458
El Salvador,SLV,3,0.0552275736159434,0.0552275736159434,0.369878268845623
New Caledonia,NCL,2,0.0526597915233592,0.0526597915233592,0.329983764064721
Liberia,LBR,12,0.569753739869986,0.0505079495797326,0.0240632602119372
Sri Lanka,LKA,15,0.153645379950422,0.0412301877187112,0.0565344979048171
CRI;PAN,CRI;PAN,1,0.120662088644517,0.0399764415378322,0.0581211269828659
Kazakhstan,KAZ,20,0.293171080408909,0.039576280765449,0.0336577913286063
Zambia,ZMB,134,5.12535115034746,0.0391079775499936,0.00829840369327814
Uganda,UGA,28,0.378705033134071,0.0382963132319692,0.0267317283437236
Zimbabwe,ZWE,61,0.435088187725251,0.0380052675183238,0.0284458609194325
Algeria,DZA,4,0.0377024694963445,0.0377024694963445,0.531142099925083
Timor-Leste,TLS,6,0.0387332950504097,0.0332447663374468,0.173884175650244
Norway,NOR,8,0.0324742660730926,0.031425145234675,0.352325907663605
Malawi,MWI,19,0.11864212261321,0.0282991388218656,0.036401554398403
Cambodia,KHM,21,0.387102891675646,0.0269425816611374,0.0278009026686027
Armenia,ARM,6,0.025213902271214,0.025213902271214,0.102564368300432
BEN;BFA;NER,BEN;BFA;NER,1,0.0367233165485851,0.0242545828598886,0.071494610528957
Slovenia,SVN,4,0.0240261845562801,0.0240261845562801,0.616909950046939
HUN;SVK,HUN;SVK,1,0.0160050544526441,0.0160050544526441,0.480653593468046
Turkey,TUR,2,0.0157796489980493,0.0157796489980493,0.14761246753371
Ireland,IRL,6,0.0154620422116392,0.0154620422116392,0.77893792338965
Switzerland,CHE,6,0.0146092152251734,0.0146092152251734,0.648658082728045
AZE;IRN,AZE;IRN,1,0.0331253380697431,0.0127595489671207,0.0581947546155676
Eswatini,SWZ,1,0.0142219318910835,0.0125034284856526,0.129887370539471
Jamaica,JAM,2,0.0122885667951414,0.0122885667951414,0.337279330499501
Vanuatu,VUT,2,0.0139259195544761,0.00940753517397237,0.167506161792723
Belgium,BEL,4,0.00895695643740463,0.00895695643740463,0.87656995037417
Guinea-Bissau,GNB,8,0.0935861658736408,0.00859770311873851,0.0308577349983265
Haiti,HTI,3,0.00760381656715413,0.00760381656715413,0.167150358545652
Martinique,MTQ,1,0.0104916189734125,0.00749082783907344,0.262791507191851
Burundi,BDI,2,0.0147125991771517,0.00742568075520917,0.072362885987984
Uruguay,URY,3,0.0298292808148837,0.00719555007632337,0.0473012887470978
Togo,TGO,5,0.0631394076713135,0.0070235086826093,0.0293218930921536
ALB;MKD,ALB;MKD,1,0.00681113237844707,0.00681113237844707,0.281067659749123
Mali,MLI,18,0.0607096232714648,0.00677787376593988,0.0287874854814417
South Sudan,SSD,18,1.28639847493116,0.00671261643495391,0.00456585586320798
Netherlands,NLD,2,0.00495622486699281,0.00495622486699281,0.588068329921019
LSO;ZAF,LSO;ZAF,1,0.00445863800652919,0.00445863800652919,0.115387793154716
Mongolia,MNG,11,0.373400817812876,0.0034960323294118,0.00430191408856873
Morocco,MAR,1,0.00235834435171876,0.00235834435171876,0.61680390243933
Burkina Faso,BFA,5,0.0178239003246468,0.00219336364480867,0.0336323618991193
Kyrgyzstan,KGZ,1,0.0037448218639647,0.00194675413414754,0.0912692715271022
Afghanistan,AFG,1,0.00376534426548613,0.00181927959815802,0.0573325145328873
Tunisia,TUN,1,0.00136969412337756,0.00136969412337756,0.358767086503381
Lesotho,LSO,1,0.00122948571950111,0.00122948571950111,0.0802317369014019
