SITE_ID,n_forest_cells,total_protected_forest_area,mean_carbon_percentile,n_high_cells,high_carbon_area,mean_net_effect,obs_occurrence_high,pred_inside_high,pred_outside_high,NAME_ENG,DESIG_ENG,DESIG_TYPE,IUCN_CAT_PA,GOV_TYPE,STATUS,STATUS_YR,ISO3,GIS_AREA,continent,IUCN_group,gap_like,carbon_rank,area_rank,asset_score,gap_rank,priority_score,priority_flag
129,14,379.180996647993,0.801134502860606,7,183.640765017342,0.00209003098249773,0,0.00306989328068314,0.000979862298185413,El Tuparro,National Natural Park,National,II,Federal or national ministry or agency,Designated,1980,COL,5547.54021497346,Americas,II,-0.00209003098249773,0.476744186046512,0.201550387596899,0.339147286821705,0.798449612403101,0.270792019710354,FALSE
130,52,5488.84474064906,0.454661529985054,5,345.551644681408,0.00493502565600557,0,0.00725667358601706,0.00232164793001149,Sierra de la Macarena,National Natural Park,National,II,Federal or national ministry or agency,Designated,1971,COL,6204.44043075182,Americas,II,-0.00493502565600557,0.0465116279069768,0.531007751937985,0.288759689922481,0.651162790697675,0.188029565530918,FALSE
132,35,2350.83218679606,0.647867960234983,8,452.595989006729,0.0320850243206593,0,0.0479009764356414,0.0158159521149822,Sierra Nevada de Santa Marta,National Natural Park,National,II,Federal or national ministry or agency,Designated,1964,COL,5741.59966177165,Americas,II,-0.0320850243206593,0.224806201550388,0.655038759689923,0.439922480620155,0.375968992248062,0.165397211706027,FALSE
322,9,674.452966234052,0.790373836169495,6,389.046352539653,0.0278794334033942,0,0.0512275650605437,0.0233481316571496,"Páramos de Tamá, Cobre y Judio",National Park (PN),National,II,Federal or national ministry or agency,Designated,1978,VEN,1381.27638741369,Americas,II,-0.0278794334033942,0.449612403100775,0.593023255813954,0.521317829457364,0.395348837209302,0.206102397692446,FALSE
350,48,1250.56650499132,0.676379929298747,15,354.770530533553,0.0125837496745387,0,0.0185779155337388,0.00599416585920014,Bicuar National Park,National Park,National,II,Not Reported,Designated,1964,AGO,6751.98640050913,Africa,II,-0.0125837496745387,0.263565891472868,0.538759689922481,0.401162790697674,0.51937984496124,0.208355868036777,FALSE
361,9,388.379071760545,0.831702068804109,6,236.095803536946,0.132322928538951,0,0.287985771972049,0.155662843433099,Guy Fawkes River,National Park,National,Ib,Sub-national ministry or agency,Designated,2010,AUS,1082.35992507895,Oceania,Ib,-0.132322928538951,0.608527131782946,0.313953488372093,0.461240310077519,0.12015503875969,0.0554203473348957,FALSE
410,10,192.363761881058,0.836316492591768,7,103.40299532601,0.162363556857102,0.342893510620631,0.279697163806666,0.117333606949564,Cape Melville,National Park Aboriginal,National,II,Joint governance,Designated,2013,AUS,1699.88119120079,Oceania,II,-0.162363556857102,0.62015503875969,0.0387596899224806,0.329457364341085,0.0697674418604651,0.0229853975121687,FALSE
606,20,373.786997582997,0.817835837970857,14,263.415608067433,0.00363166747750651,0,0.00533679522899728,0.00170512775149077,Bouba Ndjida,National Park,National,II,Federal or national ministry or agency,Designated,1968,CMR,2115.47176412852,Africa,II,-0.00363166747750651,0.577519379844961,0.352713178294574,0.465116279069768,0.713178294573643,0.331710834685416,FALSE
607,15,335.485705849897,0.738972859918505,5,121.262554998187,0.00376890465882834,0,0.0055395172135267,0.00177061255469836,Bénoué,National Park,National,II,Federal or national ministry or agency,Designated,1968,CMR,1980.33686048121,Africa,II,-0.00376890465882834,0.333333333333333,0.0658914728682171,0.199612403100775,0.701550387596899,0.140038158764497,FALSE
618,36,1802.37546485886,0.923031289587919,35,1774.76840162769,0.119562428406793,0.255327630713123,0.194657710343384,0.0750952819365916,Riding Mountain National Park Of Canada,National Park,National,II,Federal or national ministry or agency,Designated,1929,CAN,3059.49635245151,Americas,II,-0.119562428406793,0.86046511627907,0.945736434108527,0.903100775193798,0.143410852713178,0.129514452256475,FALSE
624,12,528.411763423174,0.877456447816015,10,462.740989283156,0.0925251888161197,0.543414432405964,0.148565764124653,0.0560405753085331,Cape Breton Highlands National Park Of Canada,National Park,National,II,Federal or national ministry or agency,Designated,1936,CAN,951.720145457915,Americas,II,-0.0925251888161197,0.767441860465116,0.674418604651163,0.72093023255814,0.217054263565891,0.156480980710294,FALSE
639,116,4158.59290667606,0.676662513296161,59,1908.9758094114,0.000301150286645182,0,0.000441871937687381,0.0001407216510422,Bamingui-Bangoran,National Park,National,II,Not Reported,Designated,1933,CAF,11191.1734540481,Africa,II,-0.000301150286645182,0.267441860465116,0.957364341085271,0.612403100775194,0.972868217054264,0.595787512769665,TRUE
736,8,324.918434892833,0.954338909916659,8,324.918434892833,0.167923603160707,0.417588787382873,0.539715643269833,0.371792040109126,Aso kuju,National Park,National,V,Federal or national ministry or agency,Designated,2020,JPN,731.542796713119,Asia,V,-0.167923603160707,0.953488372093023,0.488372093023256,0.72093023255814,0.0581395348837209,0.041914548404543,FALSE
801,77,3195.50970462917,0.368210600844167,5,211.296083662203,0.0230837967809509,0,0.0355649596076831,0.0124811628267322,Gorongoza,Buffer Zone,National,VI,Collaborative governance,Designated,2010,MOZ,9446.43677224974,Africa,VI,-0.0230837967809509,0.0232558139534884,0.25968992248062,0.141472868217054,0.422480620155039,0.0597695450994532,FALSE
803,5,165.789769935741,0.923496543156102,5,165.789769935741,0.0474822406012152,0.10132234286348,0.0715552870647628,0.0240730464635477,Langtang,National Park,National,II,Federal or national ministry or agency,Designated,1976,NPL,1658.55530841241,Asia,II,-0.0474822406012152,0.864341085271318,0.147286821705426,0.505813953488372,0.321705426356589,0.162723093564089,FALSE
819,43,715.91279518349,0.779764084315407,25,430.523097400568,0.0210823663530053,0,0.0314147448620125,0.0103323785090073,Kainji Lake,National Park,National,II,Federal or national ministry or agency,Designated,1979,NGA,5824.45366174184,Africa,II,-0.0210823663530053,0.430232558139535,0.616279069767442,0.523255813953488,0.437984496124031,0.229177934018388,FALSE
960,12,172.698829327618,0.810628712434045,6,78.9093023678491,0.153512455407576,0.816665943278241,0.671947740752118,0.518435285344542,Eryri,National Park,National,V,Sub-national ministry or agency,Designated,1951,GBR,2140.05406275304,Europe,V,-0.153512455407576,0.554263565891473,0.0116279069767442,0.282945736434109,0.0813953488372093,0.0230304669190554,FALSE
983,9,270.561732437453,0.870861578749253,9,270.561732437453,0.178932498113008,0.505880629633217,0.347582079930228,0.16864958181722,Grand Teton,National Park,National,II,Federal or national ministry or agency,Designated,1929,USA,1115.77689905493,Americas,II,-0.178932498113008,0.751937984496124,0.372093023255814,0.562015503875969,0.0465116279069768,0.0261402559942311,FALSE
990,8,498.16054390902,0.928885730125075,8,498.16054390902,0.2291184391664,0.280962866559652,0.678314782166084,0.449196342999684,Crater Lake,National Park,National,II,Federal or national ministry or agency,Designated,1902,USA,740.735903513612,Americas,II,-0.2291184391664,0.887596899224806,0.717054263565892,0.802325581395349,0.0155038759689922,0.0124391563007031,FALSE
1009,49,1036.65565024773,0.882323780089933,38,871.737265005968,0.00315398232779562,0,0.00488796443549749,0.00173398210770187,Katmai Bay,National Park,National,II,Federal or national ministry or agency,Designated,1980,USA,14666.6650936759,Americas,II,-0.00315398232779562,0.794573643410853,0.852713178294574,0.823643410852713,0.744186046511628,0.612943933657833,TRUE
1094,11,399.371019291256,0.854433617106952,10,366.37878757311,0.00249156094668276,0,0.00366025958774644,0.00116869864106368,Lavushi Manda,National Park,National,II,Federal or national ministry or agency,Designated,1972,ZMB,1576.19028608542,Africa,II,-0.00249156094668276,0.686046511627907,0.565891472868217,0.625968992248062,0.767441860465116,0.480394808004327,FALSE
1337,11,769.815716049447,0.82945270571246,8,490.982344183892,0.0545649710077572,0,0.0823864403278569,0.0278214693200996,Mts. Iglit-Baco Natural Park,Natural Park,National,II,Federal or national ministry or agency,Designated,2018,PHL,1066.41909254128,Asia,II,-0.0545649710077572,0.60077519379845,0.701550387596899,0.651162790697675,0.290697674418605,0.189291508923743,FALSE
1406,15,841.592874152751,0.771150249274806,6,331.60798858736,0.00596861607004282,0,0.0245929480117689,0.018624331941726,Mae Tuen,Wildlife Sanctuary,National,Ia,Federal or national ministry or agency,Designated,1978,THA,1239.337359229,Asia,Ia,-0.00596861607004282,0.406976744186047,0.492248062015504,0.449612403100775,0.627906976744186,0.282314764737696,FALSE
1917,7,390.440614286489,0.855423131849851,6,332.007220385187,0.00215470514036751,0,0.00878231728463299,0.00662761214426548,Muara Kaman Sedulang,Nature Reserve,National,Ia,Federal or national ministry or agency,Designated,0,IDN,1478.87789993212,Asia,Ia,-0.00215470514036751,0.693798449612403,0.496124031007752,0.594961240310077,0.794573643410853,0.472740520401418,FALSE
2262,26,1102.62052542348,0.568841378091853,8,281.953931060138,0.000140054109761796,0,0.000278188994537387,0.000138134884775591,Gribingui-Bamingui,Faunal Reserve,National,IV,Not Reported,Designated,1940,CAF,4321.52290784529,Africa,IV,-0.000140054109761796,0.143410852713178,0.39922480620155,0.271317829457364,1,0.271317829457364,FALSE
2266,29,967.57310101547,0.699629699718461,9,304.491677042739,0.00198366597319312,0,0.00394745688820374,0.00196379091501061,Léfini,Wildlife Reserve,National,IV,Federal or national ministry or agency,Designated,2008,COG,3497.79562135212,Africa,IV,-0.00198366597319312,0.286821705426357,0.445736434108527,0.366279069767442,0.813953488372093,0.298134126554895,FALSE
3275,9,554.887088349199,0.805683486686834,5,260.88888698581,0.155955924085668,0,0.452863410738623,0.296907486652955,Yaba-Hita-Hikosan,Quasi National Park,National,V,Sub-national ministry or agency,Designated,1950,JPN,848.126054279782,Asia,V,-0.155955924085668,0.51937984496124,0.348837209302326,0.434108527131783,0.0775193798449612,0.0336518238086653,FALSE
4106,16,610.545918825698,0.711927897788248,8,360.876577785012,0.0025126892138733,0,0.00386973757987399,0.00135704836600069,Bangweulu,Game Management Area,National,VI,Collaborative governance,Designated,1971,ZMB,6650.30723729126,Africa,VI,-0.0025126892138733,0.298449612403101,0.554263565891473,0.426356589147287,0.763565891472868,0.32555134907758,FALSE
4176,97,2852.81729641705,0.655035919525024,24,714.561061210924,0.00346657235089524,0,0.00521928872760184,0.0017527163767066,SPATSIZI PLATEAU WILDERNESS PARK,A - Park,National,II,Sub-national ministry or agency,Designated,1975,CAN,6963.48770627735,Americas,II,-0.00346657235089524,0.232558139534884,0.798449612403101,0.515503875968992,0.717054263565892,0.369644252148308,FALSE
5081,110,1923.4279389286,0.637538544996741,18,342.415794846003,0.00158274929609529,0,0.00232439568877225,0.000741646392676968,Mavinga National Park,National Park,National,II,Not Reported,Designated,2011,AGO,42257.6763424122,Africa,II,-0.00158274929609529,0.205426356589147,0.515503875968992,0.36046511627907,0.833333333333333,0.300387596899225,FALSE
6260,19,667.341784926118,0.749119149097897,10,290.757804265841,0.112313472157048,1,0.834960552728939,0.722647080571891,Morvan,Regional Nature Park,National,V,Federal or national ministry or agency,Designated,1970,FRA,3249.57038389089,Europe,V,-0.112313472157048,0.352713178294574,0.426356589147287,0.38953488372093,0.162790697674419,0.0634126554894538,FALSE
6295,5,78.3354230233804,0.901181056987682,5,78.3354230233804,0.101511479056052,1,0.864678747039369,0.763167267983316,Armorique,Regional Nature Park,National,V,Federal or national ministry or agency,Designated,1969,FRA,1258.88858891924,Europe,V,-0.101511479056052,0.821705426356589,0.00775193798449612,0.414728682170543,0.189922480620155,0.0787663001021573,FALSE
6308,11,319.439133753461,0.905884518101221,11,319.439133753461,0.0346740686675333,0.918472147070074,0.962431544683888,0.927757476016355,Volcans D\'Auvergne,Regional Nature Park,National,V,Federal or national ministry or agency,Designated,1977,FRA,3895.29097298237,Europe,V,-0.0346740686675333,0.833333333333333,0.465116279069768,0.64922480620155,0.36046511627907,0.234022895258698,FALSE
10087,5,121.787925149067,0.936875704411907,5,121.787925149067,0.0255512411617566,0,0.0512381333581491,0.0256868921963925,Dhorpatan,Hunting Reserve,National,VI,Federal or national ministry or agency,Designated,1987,NPL,1192.46123900945,Asia,VI,-0.0255512411617566,0.910852713178295,0.0697674418604651,0.49031007751938,0.403100775193798,0.197644372333393,FALSE
10091,8,222.014796217553,0.901206795481149,7,184.667230522845,0.0363151014078902,0.264374166975253,0.0738899537496896,0.0375748523417994,Annapurna,Conservation Area,National,VI,Non-profit organisations,Designated,1992,NPL,7761.66623339001,Asia,VI,-0.0363151014078902,0.825581395348837,0.205426356589147,0.515503875968992,0.348837209302326,0.179826933477555,FALSE
10772,44,3699.13074783237,0.521038603958898,15,807.76923485682,0.00732499358246781,0,0.013275611717244,0.00595061813477617,Sur del Estado Bolívar,Protective Zone (ZP),National,VI,Collaborative governance,Designated,1975,VEN,49854.9850602024,Americas,VI,-0.00732499358246781,0.0930232558139535,0.84108527131783,0.467054263565892,0.608527131782946,0.284215191394748,FALSE
10781,72,7181.71419701785,0.498883722139061,15,758.242838628884,0.0163571224768857,0,0.0289797540868607,0.012622631609975,Sipapo,Forest Reserve (RF),National,VI,Federal or national ministry or agency,Designated,1963,VEN,19831.279046813,Americas,VI,-0.0163571224768857,0.0775193798449612,0.813953488372093,0.445736434108527,0.465116279069768,0.207319271678385,FALSE
10782,7,470.669804801069,0.947826695721376,7,470.669804801069,0.0116608815430887,0,0.0172128301767607,0.00555194863367192,San Camilo,Forest Reserve (RF),National,VI,Federal or national ministry or agency,Designated,1961,VEN,667.980023605995,Americas,VI,-0.0116608815430887,0.934108527131783,0.686046511627907,0.810077519379845,0.538759689922481,0.436437113154258,FALSE
10783,11,536.173204429232,0.804732397708637,6,266.785932651812,0.00931591477440369,0,0.0183657375012088,0.00904982272680508,Caparo,Forest Reserve (RF),National,VI,Federal or national ministry or agency,Designated,1961,VEN,1750.6912220661,Americas,VI,-0.00931591477440369,0.515503875968992,0.36046511627907,0.437984496124031,0.573643410852713,0.251246920257196,FALSE
10787,9,802.003675410598,0.667708997363732,5,355.422839641706,0.00196859334972355,0,0.00385712964449853,0.00188853629477498,La Paragua,Forest Reserve (RF),National,VI,Federal or national ministry or agency,Designated,1968,VEN,8462.98818880911,Americas,VI,-0.00196859334972355,0.251937984496124,0.542635658914729,0.397286821705426,0.817829457364341,0.324912865813353,FALSE
10795,18,1809.67142637726,0.808000673469871,12,1191.08131718749,0.00199391765297028,0,0.00811473892599171,0.00612082127302143,Reserva Biológica Do Gurupi,Biological Reserve,National,Ia,Sub-national ministry or agency,Designated,1988,BRA,2714.63547973409,Americas,Ia,-0.00199391765297028,0.538759689922481,0.914728682170543,0.726744186046512,0.806201550387597,0.58590228952587,TRUE
11597,10,344.628163288764,0.877572597385701,8,281.061674266084,0.0124473500287562,0,0.0204140349542811,0.00796668492552486,Kashimbila,Game Reserve,National,IV,Sub-national ministry or agency,Designated,1977,NGA,1065.27994170302,Africa,IV,-0.0124473500287562,0.775193798449612,0.395348837209302,0.585271317829457,0.523255813953488,0.306246619794484,FALSE
12162,10,360.105599840353,0.849256376607633,6,232.471961495299,0.097307050823466,1,0.821742895742487,0.724435844919021,Landes De Gascogne,Regional Nature Park,National,V,Federal or national ministry or agency,Designated,1970,FRA,3613.36338391136,Europe,V,-0.097307050823466,0.658914728682171,0.294573643410853,0.476744186046512,0.205426356589147,0.0979358211645935,FALSE
18561,68,2839.99760066153,0.619961217710245,9,356.979919766159,0.00288061783909825,0,0.00445955831329551,0.00157894047419726,Opasquia Provincial Park,Provincial Park,National,Ib,Sub-national ministry or agency,Designated,1983,CAN,4652.33015042329,Americas,Ib,-0.00288061783909825,0.186046511627907,0.546511627906977,0.366279069767442,0.751937984496124,0.275419145484045,FALSE
18658,20,703.289034143129,0.607248435838514,5,177.783951550373,0.00326983466668914,0,0.00506376988775612,0.00179393522106698,STIKINE RIVER PARK,A - Park,National,Ib,Sub-national ministry or agency,Designated,1987,CAN,2576.17621666077,Americas,Ib,-0.00326983466668914,0.166666666666667,0.186046511627907,0.176356589147287,0.736434108527132,0.129875007511568,FALSE
19950,7,249.089751919884,0.826392629689708,5,182.329717493129,0.00424616437666587,0,0.00624164551804807,0.00199548114138219,Pipestone River Provincial Park,Provincial Park,National,II,Sub-national ministry or agency,Designated,1989,CAN,965.878995049084,Americas,II,-0.00424616437666587,0.593023255813954,0.197674418604651,0.395348837209302,0.682170542635659,0.269695330809447,FALSE
20067,42,2359.79524082227,0.641903725018484,6,332.250182092001,0.0316075755395871,0.18950351046998,0.0638970694805631,0.032289493940976,Piedemonte Norte Cordillera Andina y Serranía Misoa Trujillo,Protective Zone (ZP),National,VI,Federal or national ministry or agency,Designated,1974,VEN,6486.21389488673,Americas,VI,-0.0316075755395871,0.209302325581395,0.503875968992248,0.356589147286822,0.383720930232558,0.136830719307734,FALSE
20069,13,452.19633136947,0.759412774763469,5,157.140836768601,0.0113846290708034,0,0.0224910503521968,0.0111064212813934,Cuenca Alta y Media del Río Pao,Protective Zone (ZP),National,VI,Federal or national ministry or agency,Designated,1974,VEN,2732.88815559377,Americas,VI,-0.0113846290708034,0.37984496124031,0.131782945736434,0.255813953488372,0.542635658914729,0.138813773210745,FALSE
20070,36,2632.306854461,0.667954187879985,18,1145.50453293846,0.0326076707018898,0,0.0656197411391691,0.0330120704372794,Macizo Montañoso del Turimiquire,Protective Zone (ZP),National,VI,Federal or national ministry or agency,Designated,1974,VEN,5089.80131686896,Americas,VI,-0.0326076707018898,0.255813953488372,0.906976744186047,0.581395348837209,0.372093023255814,0.216333153055706,FALSE
20077,40,2623.81212828588,0.633958363084491,6,309.98499954567,0.0313885943291426,0,0.0592284299299284,0.0278398356007857,Cuenca Alta del Río Cojedes,Protective Zone (ZP),National,VI,Federal or national ministry or agency,Designated,1974,VEN,5235.76376222772,Americas,VI,-0.0313885943291426,0.201550387596899,0.449612403100775,0.325581395348837,0.387596899224806,0.126194339282495,FALSE
20081,9,499.195242966441,0.855100176377496,8,436.343718575505,0.0494053698795966,0.061017224209438,0.102987938210422,0.0535825683308255,"Sur - Este del Lago de Maracaibo, Santo Domingo - Motatan",Protective Zone (ZP),National,VI,Federal or national ministry or agency,Designated,1974,VEN,3668.44615657794,Americas,VI,-0.0494053698795966,0.689922480620155,0.627906976744186,0.658914728682171,0.310077519379845,0.204314644552611,FALSE
20088,19,1080.60564825494,0.876352865251127,12,785.364606474866,0.0343211447129482,0,0.0703658533889459,0.0360447086759977,Zona Sur Lago de Maracaibo,National Hydraulic Reserve (RNH),National,VI,Collaborative governance,Designated,1974,VEN,8999.48271840684,Americas,VI,-0.0343211447129482,0.763565891472868,0.837209302325582,0.800387596899225,0.364341085271318,0.291614085691966,FALSE
20091,6,280.533033499883,0.818395054297848,5,243.366732274976,0.0690726175132869,0,0.147417047843403,0.0783444303301156,"Distritos Maturín. Cedeño, Piar y Caripe del Estado Monagas y de los Distritos Mates y Rivero del Estado Sucre",National Hydraulic Reserve (RNH),National,VI,Collaborative governance,Designated,1976,VEN,1896.90077067996,Americas,VI,-0.0690726175132869,0.581395348837209,0.325581395348837,0.453488372093023,0.25968992248062,0.1177663601947,FALSE
26606,5,170.278522219638,0.925922347814155,5,170.278522219638,0.0303590389227674,0,0.0452434398115008,0.0148844008887334,Makalu-Barun,National Park,National,II,Federal or national ministry or agency,Designated,1991,NPL,1387.72906722772,Asia,II,-0.0303590389227674,0.875968992248062,0.170542635658915,0.523255813953488,0.391472868217054,0.204840454299621,FALSE
30618,27,1905.44840684549,0.832256780511775,21,1396.17982551786,0.128184390218609,0,0.2078969297905,0.0797125395718908,San Román,Biological Reserve,National,II,Federal or national ministry or agency,Designated,1995,GTM,3089.48752246173,Americas,II,-0.128184390218609,0.616279069767442,0.934108527131783,0.775193798449612,0.127906976744186,0.0991526951505318,FALSE
61074,10,893.858839018019,0.887044511271036,10,893.858839018019,0.0161471889081211,0,0.0326718156832706,0.0165246267751495,Cerro Wawashang,Nature Reserve,National,IV,Federal or national ministry or agency,Designated,1991,NIC,2244.91055992147,Americas,IV,-0.0161471889081211,0.802325581395349,0.86046511627907,0.831395348837209,0.468992248062016,0.389917973679466,FALSE
62046,5,387.569221441583,0.980276859170139,5,387.569221441583,0.0110127819036312,0,0.0200330029605676,0.00902022105693645,Rus Rus,Biological Reserve,National,IV,Indigenous Peoples,Proposed,2002,HND,1162.44463501338,Americas,IV,-0.0110127819036312,0.996124031007752,0.589147286821706,0.792635658914729,0.554263565891473,0.439329066762815,FALSE
62493,10,720.261470103331,0.725449343684935,5,318.019444581794,0.017475558439566,0,0.0348388320638593,0.0173632736242933,Sultan Adam,Grand Forest Park,National,VI,Sub-national ministry or agency,Designated,0,IDN,1161.03506349665,Asia,VI,-0.017475558439566,0.321705426356589,0.461240310077519,0.391472868217054,0.461240310077519,0.18056306712337,FALSE
66710,45,1838.00990963391,0.512742445813502,7,282.895666574053,0.00198545244913344,0,0.00291610801360368,0.000930655564470236,Proposed rivière Moisie Aquatic Reserve,Proposed aquatic reserve,National,II,Sub-national ministry or agency,Designated,2003,CAN,3945.72642690055,Americas,II,-0.00198545244913344,0.0891472868217054,0.403100775193798,0.246124031007752,0.810077519379845,0.199379544498528,FALSE
93533,80,2395.45624836737,0.745615834028729,54,1333.22985831292,0.00110161979338987,0,0.00170413869089269,0.000602518897502824,Khan Khentii,Strictly Protected Area,National,Ib,Government-delegated management,Designated,1992,MNG,17468.4998461957,Asia,Ib,-0.00110161979338987,0.344961240310078,0.926356589147287,0.635658914728682,0.887596899224806,0.564208881677784,TRUE
99862,10,300.560746743596,0.878026875756374,9,273.703900877766,0.00181422734319346,0,0.00360986124042442,0.00179563389723096,Lessio-Louna,Wildlife Sanctuary,National,IV,Federal or national ministry or agency,Designated,2009,COG,1741.35752019713,Africa,IV,-0.00181422734319346,0.779069767441861,0.37984496124031,0.579457364341085,0.825581395348837,0.478389219397873,FALSE
100204,17,404.379208064275,0.86348718705203,13,310.124409386003,0.0025792212245821,0,0.00399553506131265,0.00141631383673055,Amisk Park Reserve,Park Reserve,National,Ib,Sub-national ministry or agency,Designated,1995,CAN,1980.08225600762,Americas,Ib,-0.0025792212245821,0.717054263565892,0.453488372093023,0.585271317829457,0.75968992248062,0.444624722071991,FALSE
101133,42,3577.36097539079,0.564227716784699,8,651.282969950876,0.0560749264832695,0,0.118147152378721,0.0620722258954515,Cuenca del Río Tuy,Critical Area with Treatment Priority (ACPT),National,VI,Federal or national ministry or agency,Designated,1992,VEN,8866.64759050724,Americas,VI,-0.0560749264832695,0.127906976744186,0.782945736434109,0.455426356589147,0.27906976744186,0.127095727420227,FALSE
101135,14,1036.1202555958,0.79266539634583,11,758.362773318352,0.0103698578918263,0,0.0153007276420753,0.00493086975024903,Tapo - Caparo,National Park (PN),National,II,Federal or national ministry or agency,Designated,1993,VEN,2067.19828409073,Americas,II,-0.0103698578918263,0.461240310077519,0.817829457364341,0.63953488372093,0.562015503875969,0.359428519920678,FALSE
103166,39,2248.21683195705,0.506683977504326,5,434.252814506691,0.04341464457433,0.158908801254312,0.230398147681263,0.186983503106933,Sierra Gorda,Biosphere Reserve,National,Ia,Federal or national ministry or agency,Designated,1997,MEX,3840.5291318669,Americas,Ia,-0.04341464457433,0.0852713178294574,0.624031007751938,0.354651162790698,0.333333333333333,0.118217054263566,FALSE
115765,12,477.502436152991,0.826726868328947,9,312.44095830307,0.00395420770803313,0,0.00581634701502019,0.00186213930698706,Parque Estadual Serra Santa Bárbara,Park,National,II,Sub-national ministry or agency,Designated,1999,BRA,1204.32433038772,Americas,II,-0.00395420770803313,0.596899224806202,0.457364341085271,0.527131782945736,0.697674418604651,0.3677663601947,FALSE
115768,22,636.02894386202,0.859029269157217,17,493.126781409473,0.00232341976508948,0,0.00487857572475461,0.00255515595966513,Área De Proteção Ambiental Das Cabeceiras Do Rio Cuiabá,Environmental Protection Area,National,V,Sub-national ministry or agency,Designated,1998,BRA,4732.15007614816,Americas,V,-0.00232341976508948,0.701550387596899,0.705426356589147,0.703488372093023,0.779069767441861,0.548066522444565,TRUE
129915,10,917.08546287788,0.722864899130017,5,451.088168390068,0.0131899498596205,0,0.0205733175937124,0.00738336773409183,Mache Chindul,Ecological Reserve,National,Ib,Federal or national ministry or agency,Designated,1996,ECU,1200.37121099351,Americas,Ib,-0.0131899498596205,0.317829457364341,0.651162790697675,0.484496124031008,0.507751937984496,0.246003845922721,FALSE
147522,18,503.490652681003,0.802887693501753,10,233.865314974247,0.061859792804212,0.908251155896049,0.927247192267841,0.86538739946363,Périgord-Limousin,Regional Nature Park,National,V,Federal or national ministry or agency,Designated,1998,FRA,1861.09183705557,Europe,V,-0.061859792804212,0.488372093023256,0.302325581395349,0.395348837209302,0.271317829457364,0.107265188390121,FALSE
166889,53,3555.01804881368,0.613597026484844,10,556.063782298327,0.0130312793073733,0,0.0192443483564704,0.00621306904909711,Virunga,National Park,National,II,Not Reported,Designated,1925,COD,7826.52778425678,Africa,II,-0.0130312793073733,0.174418604651163,0.736434108527132,0.455426356589147,0.515503875968992,0.234774052040142,FALSE
178297,11,275.146135457297,0.849745698712843,10,233.855843002093,0.153151472139459,1,0.882657097308566,0.729505625169107,Causses Du Quercy,Regional Nature Park,National,V,Federal or national ministry or agency,Designated,1999,FRA,1831.76577014691,Europe,V,-0.153151472139459,0.666666666666667,0.298449612403101,0.482558139534884,0.0852713178294574,0.0411483684874707,FALSE
193411,18,670.842785905433,0.568523711460848,6,154.69538915424,0.084748143327812,0.804174899471388,0.888472757234744,0.803724613906932,Millevaches En Limousin,Regional Nature Park,National,V,Federal or national ministry or agency,Designated,2004,FRA,3351.73749522562,Europe,V,-0.084748143327812,0.13953488372093,0.124031007751938,0.131782945736434,0.232558139534884,0.0306471966828917,FALSE
196476,9,338.761458716777,0.778046833815334,6,205.954156797674,0.0395713342504294,0,0.0674702066744185,0.0278988724239891,Geoparcul Platoul Mehedinți,Natural park,National,V,Federal or national ministry or agency,Designated,2004,ROU,1063.65844912078,Europe,V,-0.0395713342504294,0.426356589147287,0.255813953488372,0.341085271317829,0.337209302325581,0.115017126374617,FALSE
198355,75,4020.84037462826,0.713342526876574,21,1077.91306141878,0.00488130233307822,0,0.0101974075951828,0.00531610526210456,Área De Proteção Ambiental Serra Da Ibiapaba,Environmental Protection Area,National,V,Sub-national ministry or agency,Designated,1996,BRA,16287.2914107127,Americas,V,-0.00488130233307822,0.302325581395349,0.89922480620155,0.60077519379845,0.655038759689923,0.393531037798209,FALSE
198360,18,1752.90053194923,0.623048101507494,6,425.409680447868,0.0131484955916317,0,0.0294544953148142,0.0163059997231825,Floresta Nacional De Carajás,Forest,National,VI,Sub-national ministry or agency,Designated,1998,BRA,3912.63206594471,Americas,VI,-0.0131484955916317,0.193798449612403,0.612403100775194,0.403100775193798,0.511627906976744,0.206237605913106,FALSE
306235,8,319.531886387168,0.916445668417946,8,319.531886387168,0.00448417461968249,0.123556707661148,0.00659220887840084,0.00210803425871835,Parc national des Plateaux Batéké,National park,National,II,Federal or national ministry or agency,Designated,2002,GAB,2025.9884538129,Africa,II,-0.00448417461968249,0.848837209302326,0.468992248062016,0.658914728682171,0.674418604651163,0.444384351901929,FALSE
308517,59,2937.18386865771,0.605295767099068,11,467.809183063878,0.00572117964155476,0,0.00842352279107299,0.00270234314951824,Proposed vallée de la rivière Natashquan Biodiversity Reserve,Proposed biodiversity reserve,National,II,Sub-national ministry or agency,Designated,2003,CAN,4146.94743550375,Americas,II,-0.00572117964155476,0.162790697674419,0.682170542635659,0.422480620155039,0.631782945736434,0.266916050718106,FALSE
308519,25,1256.46550608998,0.677279389627035,5,203.458973950638,0.00181316491240343,0,0.00266208762365312,0.000848922711249691,Proposed basses collines du lac Guernesé Biodiversity Reserve,Proposed biodiversity reserve,National,II,Sub-national ministry or agency,Designated,2003,CAN,2051.37366743482,Americas,II,-0.00181316491240343,0.271317829457364,0.251937984496124,0.261627906976744,0.829457364341085,0.217009194159005,FALSE
310152,7,347.694535298445,0.798334583049539,5,232.178728258226,0.199846300027675,1,0.345165980062993,0.145319680035318,Namadgi,National Park,National,II,Sub-national ministry or agency,Designated,2012,AUS,772.281725922793,Oceania,II,-0.199846300027675,0.472868217054264,0.290697674418605,0.381782945736434,0.0387596899224806,0.0147977885944354,FALSE
312904,113,10284.0029311074,0.539063662217027,5,345.279399749574,0.0109673217811033,0,0.0220909983443122,0.0111236765632088,Hukaung Valley Wildlife  Sanctuary (extension),Wildlife Sanctuary,National,IV,Joint governance,Designated,2010,MMR,11300.7728599178,Asia,IV,-0.0109673217811033,0.108527131782946,0.527131782945737,0.317829457364341,0.558139534883721,0.177393185505679,FALSE
317259,8,515.61049293868,0.765008138796114,5,273.378614700055,0.0177508463347648,0,0.0262753380491217,0.00852449171435695,Danau Sentarum,National Park,National,II,Federal or national ministry or agency,Designated,0,IDN,1276.1311745296,Asia,II,-0.0177508463347648,0.395348837209302,0.375968992248062,0.385658914728682,0.457364341085271,0.176386635418545,FALSE
342356,12,1093.08930810867,0.78927054169952,7,626.952021315496,0.11836282992579,0.14443559519311,0.186965251703087,0.068602421777297,Laguna del Tigre,National Park,National,II,Federal or national ministry or agency,Designated,1990,GTM,2894.35470169562,Americas,II,-0.11836282992579,0.445736434108527,0.771317829457364,0.608527131782946,0.151162790697674,0.0919866594555616,FALSE
351787,14,409.287514030953,0.836614221082009,9,234.597221107085,0.0137334452637977,0,0.0239081745393249,0.0101747292755272,Área De Proteção Ambiental Morro Da Pedreira,Environmental Protection Area,National,V,Sub-national ministry or agency,Designated,1990,BRA,1317.69912413802,Americas,V,-0.0137334452637977,0.624031007751938,0.306201550387597,0.465116279069768,0.503875968992248,0.234360915810348,FALSE
351795,23,1971.30414549242,0.803591994222444,16,1287.98685821897,0.000571863636141601,0,0.00231792706217861,0.00174606342603701,Reserva Biológica Nascentes Serra Do Cachimbo,Biological Reserve,National,Ia,Sub-national ministry or agency,Designated,2005,BRA,3421.97488504656,Americas,Ia,-0.000571863636141601,0.507751937984496,0.922480620155039,0.715116279069767,0.937984496124031,0.670767982693348,TRUE
351806,6,107.435720744732,0.955031592658426,6,107.435720744732,0.00838297258654164,0,0.0123513932186513,0.00396842063210962,Parque Nacional Da Chapada Das Mesas,Park,National,II,Sub-national ministry or agency,Designated,2006,BRA,1599.52460541846,Americas,II,-0.00838297258654164,0.961240310077519,0.0465116279069768,0.503875968992248,0.593023255813954,0.298810167658194,FALSE
351833,36,3018.66156692472,0.505672387019779,7,445.146705580662,0.00120784349656433,0,0.00177298609254925,0.000565142595984921,Parque Nacional Dos Campos Amazônicos,Park,National,II,Sub-national ministry or agency,Designated,2011,BRA,9613.09970523517,Americas,II,-0.00120784349656433,0.0813953488372093,0.647286821705426,0.364341085271318,0.872093023255814,0.317739318550568,FALSE
351871,17,1399.08908167778,0.768990224981378,9,783.366802675674,0.00411739077022294,0,0.00958289283091713,0.00546550206069419,Área De Proteção Ambiental Caminhos Ecológicos Da Boa Esperança,Environmental Protection Area,National,V,Sub-national ministry or agency,Designated,2016,BRA,2319.98729955411,Americas,V,-0.00411739077022294,0.403100775193798,0.833333333333333,0.618217054263566,0.689922480620155,0.426521843639204,FALSE
351878,20,760.511773049884,0.867877070665027,15,584.773314377553,0.00420020482725055,0,0.0087348808525815,0.00453467602533095,Área De Proteção Ambiental Da Chapada Dos Guimarães,Environmental Protection Area,National,V,Sub-national ministry or agency,Designated,1995,BRA,2534.36644933765,Americas,V,-0.00420020482725055,0.736434108527132,0.755813953488372,0.746124031007752,0.686046511627907,0.511875788714621,FALSE
351898,5,113.435952985673,0.933595133087334,5,113.435952985673,0.0067463662013709,0,0.0154110829570955,0.00866471675572462,Área De Proteção Ambiental Foz Do Rio Santa Tereza,Environmental Protection Area,National,V,Sub-national ministry or agency,Designated,1997,BRA,501.430380331902,Americas,V,-0.0067463662013709,0.906976744186047,0.0542635658914729,0.48062015503876,0.62015503875969,0.29805901087675,FALSE
351900,105,4975.86353049537,0.844661888931971,85,3942.00060833648,0.00235165310432291,0,0.00514230154268022,0.00279064843835731,Área De Proteção Ambiental Ilha Do Bananal/Cantão,Environmental Protection Area,National,V,Sub-national ministry or agency,Designated,1997,BRA,15700.1643032264,Americas,V,-0.00235165310432291,0.643410852713178,0.992248062015504,0.817829457364341,0.775193798449612,0.633976323538249,TRUE
351907,34,984.85790416143,0.81616978966293,22,593.468980624463,0.00732733788230741,0,0.0129567129482986,0.00562937506599117,Área De Proteção Ambiental Pouso Alto,Environmental Protection Area,National,V,Sub-national ministry or agency,Designated,2001,BRA,8394.94474221561,Americas,V,-0.00732733788230741,0.569767441860465,0.75968992248062,0.664728682170543,0.604651162790698,0.401928970614747,FALSE
352130,76,5735.0357254027,0.807400112220178,47,3822.76236487638,0.00775420380531348,0.0103709704575296,0.0177394029839483,0.00998519917863483,Área De Proteção Ambiental Da Baixada Maranhense,Environmental Protection Area,National,V,Sub-national ministry or agency,Designated,1991,BRA,17282.9067606734,Americas,V,-0.00775420380531348,0.531007751937985,0.988372093023256,0.75968992248062,0.60077519379845,0.456402860405024,FALSE
352159,12,1240.10305531408,0.740907159778589,7,683.670598489365,0.0031060375694406,0,0.00629633879557163,0.00319030122613103,Reserva Extrativista Jaci-Paraná,Extractive Reserve,National,VI,Sub-national ministry or agency,Designated,2011,BRA,1970.92727591046,Americas,VI,-0.0031060375694406,0.341085271317829,0.794573643410853,0.567829457364341,0.748062015503876,0.424771648338441,FALSE
352203,102,11698.3213131078,0.825458555199918,66,7320.04333849647,0.00331528312516416,0.0161259581928398,0.00725396169430031,0.00393867856913615,Área De Proteção Ambiental Triunfo Do Xingu,Environmental Protection Area,National,V,Sub-national ministry or agency,Designated,2006,BRA,16796.443918445,Americas,V,-0.00331528312516416,0.589147286821706,1,0.794573643410853,0.732558139534884,0.582071389940508,TRUE
352211,5,201.569930100515,0.963136247445076,5,201.569930100515,0.00510942933447957,0,0.00957658391051266,0.00446715457603309,Área De Proteção Ambiental De São Geraldo Do Araguaia,Environmental Protection Area,National,V,Sub-national ministry or agency,Designated,1996,BRA,267.034354216761,Americas,V,-0.00510942933447957,0.968992248062015,0.248062015503876,0.608527131782946,0.63953488372093,0.389174328465837,FALSE
356397,11,311.719559881127,0.862844380159249,8,217.02137491952,0.109230166478871,0,0.172520552350327,0.063290385871457,Muundhi (Jack River),National Park Aboriginal,National,II,Joint governance,Designated,2013,AUS,1647.92836376264,Oceania,II,-0.109230166478871,0.713178294573643,0.275193798449612,0.494186046511628,0.170542635658915,0.0842797908779521,FALSE
357372,5,154.301239058874,0.945326883770969,5,154.301239058874,0.0506981976849689,0,0.261588902494011,0.210890704809042,Tone-Perup,Nature Reserve,National,Ia,Sub-national ministry or agency,Designated,2004,AUS,559.741742204101,Oceania,Ia,-0.0506981976849689,0.930232558139535,0.116279069767442,0.523255813953488,0.306201550387597,0.160221741481882,FALSE
365217,25,1142.23012180223,0.782301084662269,11,493.290096585712,0.10888855034288,0.815947252635065,0.238651513021726,0.129762962678846,Alpine Lakes,Wilderness,National,Ib,Federal or national ministry or agency,Designated,1976,USA,1680.26471268268,Americas,Ib,-0.10888855034288,0.434108527131783,0.709302325581395,0.571705426356589,0.174418604651163,0.0997160627366144,FALSE
366393,14,279.642773975586,0.692330448706005,5,87.4815129563859,0.0830761199616275,0.32239470542015,0.136447733759319,0.0533716137976919,Bridger,Wilderness,National,Ib,Federal or national ministry or agency,Designated,1964,USA,1727.00050553477,Americas,Ib,-0.0830761199616275,0.282945736434109,0.0155038759689922,0.14922480620155,0.236434108527132,0.0352818340243976,FALSE
368535,10,347.556819509668,0.868739615595615,9,302.967251863254,0.138083589617251,0.35640319198667,0.238927294405686,0.100843704788435,Flat Tops,Wilderness,National,Ib,Federal or national ministry or agency,Designated,1975,USA,934.952160574651,Americas,Ib,-0.138083589617251,0.74031007751938,0.441860465116279,0.591085271317829,0.10077519379845,0.0595667327684634,FALSE
368950,25,1080.39597127674,0.689182587659783,5,163.891912326805,0.0947903570077488,0.650577184203671,0.156406287450405,0.0616159304426564,Glacier Peak,Wilderness,National,Ib,Federal or national ministry or agency,Designated,1964,USA,2291.84088105257,Americas,Ib,-0.0947903570077488,0.27906976744186,0.143410852713178,0.211240310077519,0.213178294573643,0.0450318490475332,FALSE
369302,10,288.766355773879,0.809026199893889,7,192.356394356249,0.0652537377214045,0.288518080106248,0.172677452805178,0.107423715083773,Gros Ventre,Wilderness,National,Ib,Federal or national ministry or agency,Designated,1984,USA,1158.65538376973,Americas,Ib,-0.0652537377214045,0.546511627906977,0.224806201550388,0.385658914728682,0.263565891472868,0.101646535664924,FALSE
369724,14,323.710463489364,0.869868945593537,12,267.879500424598,0.121964667522187,0,0.208686554765185,0.086721887242998,High Uintas,Wilderness,National,Ib,Federal or national ministry or agency,Designated,1984,USA,1836.72022943696,Americas,Ib,-0.121964667522187,0.744186046511628,0.364341085271318,0.554263565891473,0.13953488372093,0.0773391022174148,FALSE
370277,15,523.518645693372,0.803324852258011,8,299.056823763579,0.2457446315215,0.687240444568876,0.623826401117664,0.378081769596164,John Muir,Wilderness,National,Ib,Federal or national ministry or agency,Designated,1964,USA,2645.15862623915,Americas,Ib,-0.2457446315215,0.5,0.437984496124031,0.468992248062016,0.00387596899224806,0.00181779941109308,FALSE
370437,10,289.016372376681,0.852028867829565,9,266.409488960032,0.00232105696457178,0,0.00359496783627993,0.00127391087170815,Kenai,National Wildlife Refuge,National,IV,Federal or national ministry or agency,Designated,1960,USA,7845.58383470841,Americas,IV,-0.00232105696457178,0.674418604651163,0.356589147286822,0.515503875968992,0.782945736434109,0.40361156180518,FALSE
371476,9,579.138570301812,0.918664428300154,8,531.374907101023,0.147333645759196,0.385178597045778,0.328812626710375,0.181478980951179,Marble Mountain,Wilderness,National,Ib,Federal or national ministry or agency,Designated,1964,USA,911.760247510098,Americas,Ib,-0.147333645759196,0.852713178294574,0.724806201550388,0.788759689922481,0.0930232558139535,0.0733729944113935,FALSE
372151,12,796.844045987572,0.803362859468543,7,436.416838094427,0.239112363742308,0.839167697706071,0.548897359292467,0.309784995550159,Mount Rainier,National Park,National,II,Federal or national ministry or agency,Designated,1899,USA,956.650057774967,Americas,II,-0.239112363742308,0.503875968992248,0.631782945736434,0.567829457364341,0.0116279069767442,0.00660266810888769,FALSE
372420,7,172.553616905321,0.870129894787301,6,157.602791193189,0.0822829417299382,0,0.135874619636547,0.053591677906609,North Absaroka,Wilderness,National,Ib,Federal or national ministry or agency,Designated,1964,USA,1401.5086788894,Americas,Ib,-0.0822829417299382,0.748062015503876,0.135658914728682,0.441860465116279,0.24031007751938,0.106183522624842,FALSE
372957,25,1291.52312782731,0.612541058988268,6,288.313718506049,0.0719805638511847,0,0.117234815432179,0.0452542515809944,Pasayten,Wilderness,National,Ib,Federal or national ministry or agency,Designated,1969,USA,2150.19224668986,Americas,Ib,-0.0719805638511847,0.170542635658915,0.414728682170543,0.292635658914729,0.251937984496124,0.073726038098672,FALSE
373034,7,420.850278889729,0.893572071231041,6,390.138225498035,0.219293808889081,0.816643512026296,0.446353909824806,0.227060100935725,Pecos,Wilderness,National,Ib,Federal or national ministry or agency,Designated,1955,USA,897.690698143445,Americas,Ib,-0.219293808889081,0.813953488372093,0.596899224806202,0.705426356589147,0.0193798449612403,0.0136710534222703,FALSE
375788,17,593.008282420446,0.853762841465415,13,467.041322447452,0.104535018329401,0.230904867994214,0.191582784482854,0.087047766153453,Teton,Wilderness,National,Ib,Federal or national ministry or agency,Designated,1964,USA,2366.32949833083,Americas,Ib,-0.104535018329401,0.682170542635659,0.678294573643411,0.680232558139535,0.182170542635659,0.123918334234721,FALSE
375919,15,900.602826623996,0.761734795608828,9,479.454053287066,0.200869317822069,0.484121684383424,0.421951416193059,0.221082098370991,Three Sisters,Wilderness,National,Ib,Federal or national ministry or agency,Designated,1964,USA,1148.57108864518,Americas,Ib,-0.200869317822069,0.387596899224806,0.693798449612403,0.540697674418605,0.0348837209302326,0.0188615467820444,FALSE
376099,25,1443.07475765868,0.842195394281913,15,895.273005878168,0.135569885659376,0.412309237647448,0.349454956686089,0.213885071026713,Trinity Alps,Wilderness,National,Ib,Federal or national ministry or agency,Designated,1964,USA,2185.62571753865,Americas,Ib,-0.135569885659376,0.631782945736434,0.864341085271318,0.748062015503876,0.112403100775194,0.0840844901147768,FALSE
376604,18,389.165947365404,0.771302638178915,5,119.796541336411,0.0982079156423392,0.205384277035289,0.165062983370448,0.066855067728109,Washakie,Wilderness,National,Ib,Federal or national ministry or agency,Designated,1972,USA,2808.24908057942,Americas,Ib,-0.0982079156423392,0.410852713178295,0.062015503875969,0.236434108527132,0.201550387596899,0.0476533862147708,FALSE
376699,17,482.059006286366,0.888483801574789,14,417.357292719037,0.116514301350283,0.0384603507606989,0.226310831041249,0.109796529690966,Weminuche,Wilderness,National,Ib,Federal or national ministry or agency,Designated,1975,USA,2024.67381504518,Americas,Ib,-0.116514301350283,0.806201550387597,0.604651162790698,0.705426356589147,0.158914728682171,0.112102638062616,FALSE
391972,9,440.139182204926,0.791697425617216,5,227.04875195764,0.111156747554387,1,0.849793393566289,0.738636646011902,Pyrénées Ariégeoises,Regional Nature Park,National,V,Federal or national ministry or agency,Designated,2009,FRA,2454.82870731469,Europe,V,-0.111156747554387,0.457364341085271,0.286821705426357,0.372093023255814,0.166666666666667,0.062015503875969,FALSE
478429,32,1403.53098471492,0.808752521129556,21,745.521410642926,0.0728741582673761,0.0772670898483918,0.158214817018485,0.0853406587511088,Área De Proteção Ambiental Bacia Do Paraíba Do Sul,Environmental Protection Area,National,V,Sub-national ministry or agency,Designated,1982,BRA,2925.9786480277,Americas,V,-0.0728741582673761,0.542635658914729,0.810077519379845,0.676356589147287,0.248062015503876,0.167778378703203,FALSE
478431,70,7116.79025369119,0.380821580336166,5,432.113605802615,0.000672211705835461,0,0.000986416002773992,0.00031420429693853,Parque Nacional Mapinguari,Park,National,II,Sub-national ministry or agency,Designated,2008,BRA,17769.2595685774,Americas,II,-0.000672211705835461,0.0310077519379845,0.62015503875969,0.325581395348837,0.922480620155039,0.300342527492338,FALSE
478525,19,1058.4051653787,0.815222165146931,13,673.066136241848,0.0147632305117288,0,0.0340967645544242,0.0193335340426955,Área De Proteção Ambiental Do Lago De Tucurui,Environmental Protection Area,National,V,Sub-national ministry or agency,Designated,2002,BRA,5682.28526021169,Americas,V,-0.0147632305117288,0.565891472868217,0.790697674418605,0.678294573643411,0.484496124031008,0.328631091881497,FALSE
900694,91,2107.39251080108,0.448680102746141,7,222.824483633503,0.000842308801761015,0,0.00167430362397003,0.000831994822209012,Tinkisso,Wetland of International Importance (Ramsar Site),International,IV,Not Reported,Designated,2002,GIN,12289.8498811397,Africa,IV,-0.000842308801761015,0.0426356589147287,0.27906976744186,0.160852713178295,0.89922480620155,0.144642749834746,FALSE
901296,17,727.842382592833,0.797783938924438,10,371.093247236124,0.0179896875335611,0,0.032704617339539,0.0147149298059779,Le Lac Alaotra : Les Zones Humides et Bassins Versants,Wetland of International Importance (Ramsar Site),International,IV,Not Reported,Designated,2003,MDG,7226.27237743654,Africa,IV,-0.0179896875335611,0.468992248062016,0.573643410852713,0.521317829457364,0.453488372093023,0.236411573823689,FALSE
1111192,26,1263.59184345618,0.812693525199811,14,769.009152300533,0.203813302896561,0.713300151967584,0.740557349502937,0.536744046606376,Sequoia-Kings Canyon,Wilderness Area,National,Ib,Federal or national ministry or agency,Designated,1984,USA,3109.4096082692,Americas,Ib,-0.203813302896561,0.558139534883721,0.825581395348837,0.691860465116279,0.0310077519379845,0.0214530376780242,FALSE
11111184,103,4407.13350051648,0.801225249019256,64,2483.29473234866,0.0251472735885988,0.0677865799031799,0.0432021892334139,0.0180549156448152,Frank Church-River Of No Return,Wilderness,National,Ib,Federal or national ministry or agency,Designated,1980,USA,9550.15256391857,Americas,Ib,-0.0251472735885988,0.48062015503876,0.976744186046512,0.728682170542636,0.410852713178295,0.299381046812091,FALSE
11111465,55,2781.73413190886,0.532626957814991,5,168.695766295198,0.0448069515646946,0,0.0711646102740198,0.0263576587093253,Selway-Bitterroot,Wilderness,National,Ib,Federal or national ministry or agency,Designated,1963,USA,5457.84694101838,Americas,Ib,-0.0448069515646946,0.10077519379845,0.162790697674419,0.131782945736434,0.325581395348837,0.0429060753560483,FALSE
11111518,12,727.708500394751,0.803021880827746,7,461.101210030553,0.136219083754134,0.526425242331091,0.236723837948635,0.100504754194501,Olympic National Park,Marine Protected Area,National,V,Federal or national ministry or agency,Designated,1909,USA,3699.5787609762,Americas,V,-0.136219083754134,0.492248062015504,0.666666666666667,0.579457364341085,0.104651162790698,0.0606408869659275,FALSE
11115170,8,423.943740477063,0.873227227532758,7,368.294234031481,0.241388594927986,0.0791954426623486,0.521177910859421,0.279789315931435,Yolla Bolly-Middle Eel,Wilderness,National,Ib,Federal or national ministry or agency,Designated,1964,USA,746.317449909414,Americas,Ib,-0.241388594927986,0.755813953488372,0.569767441860465,0.662790697674419,0.00775193798449612,0.00513791238507301,FALSE
555515508,7,203.501463527586,0.849336727351061,5,150.297461759529,0.0139419614949347,0,0.0206129848687414,0.00667102337380662,Little Grand Lake Provisional Ecological Reserve,Ecological Reserve,National,II,Sub-national ministry or agency,Designated,2002,CAN,735.506947015675,Americas,II,-0.0139419614949347,0.662790697674419,0.112403100775194,0.387596899224806,0.5,0.193798449612403,FALSE
555516089,9,187.743872621091,0.733144252782282,5,102.425674371193,0.00466400193228203,0,0.0072286925992028,0.00256469066692076,Hay-Zama Lakes Wildland Provincial Park,Wildland Provincial Park,National,Ib,Sub-national ministry or agency,Designated,1999,CAN,472.16322115352,Americas,Ib,-0.00466400193228203,0.329457364341085,0.0348837209302326,0.182170542635659,0.658914728682171,0.120034853674659,FALSE
555516098,16,484.308044122084,0.847721567021124,12,383.243522851722,0.0033925256799149,0,0.00525348067710022,0.00186095499718531,Birch Mountains Wildland Provincial Park,Wildland Provincial Park,National,Ib,Sub-national ministry or agency,Designated,2000,CAN,1365.87609848457,Americas,Ib,-0.0033925256799149,0.655038759689923,0.585271317829457,0.62015503875969,0.728682170542636,0.451895919716363,FALSE
555516111,65,1427.18513002217,0.803191391270053,43,951.402076903893,0.00195652922347329,0,0.00302870032183394,0.00107217109836065,Caribou Mountains Wildland Provincial Park,Wildland Provincial Park,National,Ib,Sub-national ministry or agency,Designated,2001,CAN,5923.87119245256,Americas,Ib,-0.00195652922347329,0.496124031007752,0.87984496124031,0.687984496124031,0.821705426356589,0.56532059371432,TRUE
555516430,49,1191.0828448378,0.525981973827012,5,95.9237825021705,0.0036838825443901,0,0.00570852563582047,0.00202464309143037,Sand Lakes Provincial Park,Provincial Park,National,Ib,Sub-national ministry or agency,Designated,1995,CAN,8306.57434058906,Americas,Ib,-0.0036838825443901,0.0968992248062016,0.0271317829457364,0.062015503875969,0.705426356589147,0.043747370951265,FALSE
555542728,32,2294.58363082286,0.760676377947296,14,935.176460413017,0.0123075809581585,0,0.0283097511377429,0.0160021701795844,Rivière Nosivolo et affluents,Wetland of International Importance (Ramsar Site),International,V,Not Reported,Designated,2010,MDG,3585.06476489856,Africa,V,-0.0123075809581585,0.383720930232558,0.872093023255814,0.627906976744186,0.531007751937985,0.333423472147107,FALSE
555542729,79,3334.3325538878,0.653203778309684,19,726.557224158359,0.00875129855207594,0,0.017415870270923,0.00866457171884704,Lake Niassa and its Coastal Zone,Wetland of International Importance (Ramsar Site),International,VI,Federal or national ministry or agency,Designated,0,MOZ,15842.6169624911,Africa,VI,-0.00875129855207594,0.228682170542636,0.806201550387597,0.517441860465116,0.585271317829457,0.302843879574545,FALSE
555543426,20,916.98991462314,0.749842776466079,9,320.866629293358,0.0896759646756444,0.0790584665549204,0.18453513801481,0.0948591733391656,Kaanju Ngaachi Wenlock and Pascoe Rivers,Indigenous Protected Area,National,V,Indigenous Peoples,Designated,2008,AUS,1798.89270352906,Oceania,V,-0.0896759646756444,0.356589147286822,0.472868217054264,0.414728682170543,0.22093023255814,0.0916261042004687,FALSE
555548136,17,308.169277018572,0.774723635060255,8,127.687820752875,0.0546474175653842,0,0.11386275253009,0.0592153349647056,Holroyd,Nature Refuge,National,VI,Individual landowners,Designated,2016,AUS,2820.58040382763,Oceania,VI,-0.0546474175653842,0.414728682170543,0.0775193798449612,0.246124031007752,0.286821705426357,0.0705937143200529,FALSE
555555854,42,3409.46907407978,0.807263827327861,30,2228.30690007858,0.015421529905716,0,0.028789764402852,0.013368234497136,Serranía de los Yariguíes,Integrated Management Regional Districts,National,VI,Sub-national ministry or agency,Designated,2005,COL,4189.10490116774,Americas,VI,-0.015421529905716,0.527131782945737,0.965116279069768,0.746124031007752,0.476744186046512,0.355710293852533,FALSE
555557754,7,264.745444389391,0.844532614716996,6,215.030930496854,0.0144708945040348,0.348211236193198,0.021386002966223,0.00691510846218821,Narrow Hills Provincial Park,Natural Environment Park,National,II,Sub-national ministry or agency,Designated,1934,CAN,586.787319650935,Americas,II,-0.0144708945040348,0.63953488372093,0.271317829457364,0.455426356589147,0.492248062015504,0.22418274142179,FALSE
555557763,20,683.523343211242,0.552176373315668,6,180.962449643819,0.0854220805961794,0,0.131776378167029,0.0463542975708496,Meadow Lake Provincial Park,Natural Environment Park,National,II,Sub-national ministry or agency,Designated,1959,CAN,1688.06961297032,Americas,II,-0.0854220805961794,0.12015503875969,0.189922480620155,0.155038759689923,0.228682170542636,0.0354546000841296,FALSE
555557764,28,733.491207164953,0.740779486660476,9,279.912478426193,0.0277098479883187,0.0634691889826709,0.0413498638012443,0.0136400158129255,Lac La Ronge Provincial Park,Natural Environment Park,National,II,Sub-national ministry or agency,Designated,1939,CAN,3194.18097667341,Americas,II,-0.0277098479883187,0.337209302325581,0.391472868217054,0.364341085271318,0.39922480620155,0.145453999158704,FALSE
555557769,16,643.285508979843,0.619126994021408,5,186.68814950066,0.00221552861669718,0,0.00901820216971095,0.00680267355301377,Mccusker River,Ecological Reserve,National,Ia,Sub-national ministry or agency,Designated,1998,CAN,1394.31625411321,Americas,Ia,-0.00221552861669718,0.182170542635659,0.213178294573643,0.197674418604651,0.786821705426357,0.155534523165675,FALSE
555557773,21,958.23164314365,0.921045491449321,21,958.23164314365,0.00346258115379455,0,0.00536213425997892,0.00189955310618437,Seager Wheeler Lake,Representative Area Ecological Reserve,National,Ib,Sub-national ministry or agency,Designated,1999,CAN,1771.88552596095,Americas,Ib,-0.00346258115379455,0.856589147286822,0.883720930232558,0.87015503875969,0.72093023255814,0.62732107445466,TRUE
555566943,32,1122.49757438235,0.728342582393689,9,322.506272161373,0.00452412655544364,0,0.00702219696165996,0.00249807040621631,Pink Lake,Representative Area Ecological Reserve,National,Ib,Sub-national ministry or agency,Designated,2013,CAN,3675.20439574167,Americas,Ib,-0.00452412655544364,0.325581395348837,0.48062015503876,0.403100775193798,0.670542635658915,0.270296256234601,FALSE
555567090,109,3066.54814269048,0.806736570046629,64,2017.95046118999,0.0069643206122733,0,0.0102649536374689,0.00330063302519559,Proposed Albanel-Témiscamie-Otish Biodiversity Reserve,Proposed biodiversity reserve,National,II,Sub-national ministry or agency,Designated,2007,CAN,12041.8069876907,Americas,II,-0.0069643206122733,0.523255813953488,0.961240310077519,0.742248062015504,0.616279069767442,0.457431945195601,FALSE
555567132,6,279.348768013725,0.859463223783019,6,279.348768013725,0.0111124542988509,0,0.0182717534064381,0.0071592991075872,Proposed marais du lac Parent Biodiversity Reserve,Proposed biodiversity reserve,National,II,Sub-national ministry or agency,Designated,2004,CAN,402.840523293089,Americas,II,-0.0111124542988509,0.705426356589147,0.387596899224806,0.546511627906977,0.546511627906977,0.298674959437534,FALSE
555567145,6,149.415578324229,0.878120420515238,5,126.318508075841,0.00630720524681833,0,0.0092950989900378,0.00298789374321947,Proposed lac Onistagane Biodiversity Reserve,Proposed biodiversity reserve,National,II,Sub-national ministry or agency,Designated,2005,CAN,674.300667377948,Americas,II,-0.00630720524681833,0.782945736434109,0.0736434108527132,0.428294573643411,0.624031007751938,0.267269094405384,FALSE
555567148,51,1965.59590810503,0.852767105290187,34,1418.07233232223,0.00523245420832025,0,0.00772145300464941,0.00248899879632915,Assinica National Park Reserve (Québec),Quebec's national park reserve,National,II,Sub-national ministry or agency,Established,2011,CAN,3213.9336786439,Americas,II,-0.00523245420832025,0.678294573643411,0.941860465116279,0.810077519379845,0.635658914728682,0.514932996815095,TRUE
555569935,10,381.227498926045,0.93181553335004,9,362.240162077461,0.0437729495514993,0,0.0899812959405081,0.0462083463890088,Gauri-Shankar,Conservation Area,National,VI,Non-profit organisations,Designated,2010,NPL,2206.34687869987,Asia,VI,-0.0437729495514993,0.89922480620155,0.558139534883721,0.728682170542636,0.329457364341085,0.240069707349318,FALSE
555569942,8,206.961011642224,0.952695750801037,7,187.457962076434,0.0227350189958691,0,0.0455033502774865,0.0227683312816174,Api - Nampa,Conservation Area,National,VI,Federal or national ministry or agency,Designated,2010,NPL,1898.85260037952,Asia,VI,-0.0227350189958691,0.941860465116279,0.217054263565891,0.579457364341085,0.426356589147287,0.247055465416742,FALSE
555576172,16,446.818041756098,0.847590356763737,12,358.148914385189,0.0154194751668567,0,0.0358144176098345,0.0203949424429779,Apa Corumbataí Botucatu Tejupa Perimetro Botucatu,Environmental Protection Area,National,V,Sub-national ministry or agency,Designated,1983,BRA,2139.0250104319,Americas,V,-0.0154194751668567,0.651162790697675,0.550387596899225,0.60077519379845,0.48062015503876,0.288744666786852,FALSE
555576203,6,261.487247946953,0.814076546846682,5,187.553237824479,0.144759991235754,0.853136684610794,0.334756164413342,0.189996173177589,Apa Sistema Cantareira,Environmental Protection Area,National,V,Sub-national ministry or agency,Designated,1998,BRA,2540.92401434659,Americas,V,-0.144759991235754,0.562015503875969,0.22093023255814,0.391472868217054,0.0968992248062016,0.0379334174628929,FALSE
555576219,15,704.970000005409,0.747464434298234,6,252.652418782454,0.124630093324146,0.41643741906347,0.224183397205648,0.0995533038815015,Área De Proteção Ambiental Sul-Rmbh,Environmental Protection Area,National,V,Sub-national ministry or agency,Designated,1994,BRA,1644.31071059162,Americas,V,-0.124630093324146,0.348837209302326,0.337209302325581,0.343023255813954,0.135658914728682,0.0465341626104201,FALSE
555576306,27,1013.14149761093,0.804582997082328,16,565.583095016216,0.0692709247985105,0,0.17924231938873,0.10997139459022,Apa Piracicaba Juquerí-Mirim Area Ii,Environmental Protection Area,National,V,Sub-national ministry or agency,Designated,1991,BRA,2808.12550458267,Americas,V,-0.0692709247985105,0.511627906976744,0.744186046511628,0.627906976744186,0.255813953488372,0.160627366143862,FALSE
555576453,17,1457.82175270667,0.879860632423418,15,1353.49571040776,0.00697798941303843,0,0.0159325322838264,0.00895454287078794,Área De Proteção Ambiental Dos Morros Garapenses,Environmental Protection Area,National,V,Sub-national ministry or agency,Designated,2010,BRA,2343.28218861722,Americas,V,-0.00697798941303843,0.786821705426357,0.930232558139535,0.858527131782946,0.612403100775194,0.525764677603509,TRUE
555576479,7,366.329756946671,0.916222490228764,7,366.329756946671,0.0970092908762138,0.533859926385999,0.26648475340991,0.169475462533696,Apa Itupararanga,Environmental Protection Area,National,V,Sub-national ministry or agency,Designated,1998,BRA,935.864894992598,Americas,V,-0.0970092908762138,0.844961240310077,0.562015503875969,0.703488372093023,0.209302325581395,0.14724175229854,FALSE
555577244,33,607.293453710168,0.663959302633069,5,103.846217378593,0.0610148187721538,0,0.0926080473568305,0.0315932285846767,Oyala Thumotang,National Park Aboriginal,National,II,Joint governance,Designated,2012,AUS,3812.76081712943,Oceania,II,-0.0610148187721538,0.244186046511628,0.0426356589147287,0.143410852713178,0.275193798449612,0.0394657772970374,FALSE
555577270,29,394.187730476434,0.810312192707478,22,294.129123347572,0.1720514636051,0.240531189715646,0.316277330058031,0.144225866452931,Rinyirru (Lakefield),National Park Aboriginal,National,II,Joint governance,Designated,2011,AUS,5439.30712627082,Oceania,II,-0.1720514636051,0.550387596899225,0.434108527131783,0.492248062015504,0.0542635658914729,0.0267111351481281,FALSE
555577339,13,235.344976071492,0.952431014738988,13,235.344976071492,0.081986902616605,0.132143878503843,0.158691168053412,0.0767042654368072,Steve Irwin Wildlife Reserve,Nature Refuge,National,VI,Individual landowners,Designated,2012,AUS,1254.44272351669,Oceania,VI,-0.081986902616605,0.937984496124031,0.310077519379845,0.624031007751938,0.244186046511628,0.152379664683613,FALSE
555577375,7,91.2865524347803,0.864188001807818,6,73.4860910783387,0.103045845971425,0.330811318025234,0.236247676640057,0.133201830668632,Yarraden,Nature Refuge,National,VI,Individual landowners,Designated,2016,AUS,1172.13732641041,Oceania,VI,-0.103045845971425,0.724806201550388,0,0.362403100775194,0.186046511627907,0.0674238327023616,FALSE
555583089,6,286.498243212462,0.944050281156763,6,286.498243212462,0.0391257005641277,0,0.0589647763296157,0.019839075765488,Northern Negros Natural Park,Natural Park,National,II,Federal or national ministry or agency,Designated,2018,PHL,708.799924079988,Asia,II,-0.0391257005641277,0.926356589147287,0.410852713178295,0.668604651162791,0.341085271317829,0.228051198846223,FALSE
555583092,19,1377.1567408493,0.776482768988401,13,909.763405337148,0.031970919212104,0,0.0771382182788292,0.0451672990667252,Quirino Protected Landscape,Protected Landscape,National,V,Federal or national ministry or agency,Designated,2005,PHL,1834.4751444426,Asia,V,-0.031970919212104,0.418604651162791,0.868217054263566,0.643410852713178,0.37984496124031,0.244396370410432,FALSE
555586266,45,2130.254167417,0.717684242362409,13,496.820767109449,0.0859372226781443,0.253711752798064,0.145260387696269,0.0593231650181245,Stephen Mather,Wilderness Area,National,Ib,Federal or national ministry or agency,Designated,1988,USA,2593.67862533302,Americas,Ib,-0.0859372226781443,0.306201550387597,0.713178294573643,0.50968992248062,0.224806201550388,0.11458145544138,FALSE
555599309,7,218.915583431572,0.846626763031777,6,181.768116363685,0.150959530852162,0.463678898898488,0.282462900999624,0.131503370147461,Batavia,Nature Refuge,National,VI,Individual landowners,Designated,2013,AUS,791.426052952822,Oceania,VI,-0.150959530852162,0.647286821705426,0.193798449612403,0.420542635658915,0.0891472868217054,0.0374902349618412,FALSE
555599925,29,1128.76942040836,0.754778487474977,12,404.781098788053,0.035812533745861,0.112788235919879,0.0630342759422216,0.0272217421963607,Área De Proteção Ambiental Estadual Da Escarpa Devoniana,Environmental Protection Area,National,V,Sub-national ministry or agency,Designated,1992,BRA,4147.86366596263,Americas,V,-0.035812533745861,0.368217054263566,0.60077519379845,0.484496124031008,0.352713178294574,0.170888167778379,FALSE
555606906,16,348.113090302455,0.831306624469193,10,193.937411543317,0.000800393939270903,0,0.00140253459596402,0.000602140656693118,Lake Clark,National Preserve,National,V,Federal or national ministry or agency,Designated,1980,USA,15162.4782128821,Americas,V,-0.000800393939270903,0.604651162790698,0.24031007751938,0.422480620155039,0.903100775193798,0.381542575566372,FALSE
555621524,26,1038.50839175226,0.751535625860875,12,471.449716503009,0.00962006329025602,0,0.014964664360495,0.005344601070239,Dillon River Wildland Provincial Park,Wildland Provincial Park,National,Ib,Sub-national ministry or agency,Designated,2015,CAN,1901.27789168492,Americas,Ib,-0.00962006329025602,0.36046511627907,0.689922480620155,0.525193798449612,0.569767441860465,0.299238327023616,FALSE
555637330,337,35519.7523434789,0.310192519900749,8,550.895605914977,0.0216671527187752,0.181672845387087,0.0343402504142133,0.0126730976954381,Rio Negro,Wetland of International Importance (Ramsar Site),International,Ib,Not Reported,Designated,2018,BRA,119481.402533976,Americas,Ib,-0.0216671527187752,0.0116279069767442,0.732558139534884,0.372093023255814,0.434108527131783,0.161528754281594,FALSE
555643762,9,143.658826072127,0.940145824788009,9,143.658826072127,0.217414005058934,0.371383900034295,0.405318030362937,0.187904025304003,Kings Plains - Alkoomie,Nature Refuge,National,II,Non-profit organisations,Designated,2017,AUS,865.132912049389,Oceania,II,-0.217414005058934,0.922480620155039,0.10077519379845,0.511627906976744,0.0232558139534884,0.0118983234180638,FALSE
555682883,13,305.627563844052,0.881902581209685,12,289.547039956627,0.00320332111411548,0,0.00471134769342266,0.00150802657930719,Parque Estadual De Mirador,Park,National,II,Sub-national ministry or agency,Designated,1980,BRA,5012.09029262511,Americas,II,-0.00320332111411548,0.790697674418605,0.418604651162791,0.604651162790698,0.74031007751938,0.447629349197765,FALSE
555695922,32,1040.87180649479,0.555762020681614,13,346.513569782379,0.00220426639599181,0,0.00341135721250604,0.00120709081651422,Kitaskino Nuwenëné Wildland,Wildland Provincial Park,National,Ib,Sub-national ministry or agency,Designated,2019,CAN,3132.27106210282,Americas,Ib,-0.00220426639599181,0.124031007751938,0.534883720930233,0.329457364341085,0.790697674418605,0.260501171804579,FALSE
555697534,12,329.957213558824,0.719829347506818,5,130.313255444959,0.0187913696233676,0,0.0279269753107104,0.00913560568734279,Red Deer Wildlife Management Area,Wildlife Management Area,National,II,Sub-national ministry or agency,Designated,2015,CAN,899.712791003465,Americas,II,-0.0187913696233676,0.310077519379845,0.0852713178294574,0.197674418604651,0.449612403100775,0.0888768703803858,FALSE
555697586,43,1865.71192180261,0.758563808531401,14,561.475591112709,0.00201792300372763,0,0.00394996288182295,0.00193203987809531,Chipanje Chetu,Community Conservation Area,National,VI,Local communities,Designated,1998,MOZ,6653.48744420101,Africa,VI,-0.00201792300372763,0.372093023255814,0.74031007751938,0.556201550387597,0.802325581395349,0.446254732287723,FALSE
555697587,215,5515.89236786847,0.546429915060853,5,110.299075617081,0.00465610409724449,0,0.00882216260191738,0.00416605850467289,Tchuma tchato,Community Conservation Area,National,VI,Government-delegated management,Designated,0,MOZ,34622.3636116464,Africa,VI,-0.00465610409724449,0.112403100775194,0.0503875968992248,0.0813953488372093,0.662790697674419,0.0539480800432666,FALSE
555697870,20,817.667976611367,0.938906391069627,19,780.846701956117,0.000739622885017255,0,0.00147008431038587,0.000730461425368617,Niger Source,Classified Forest,National,IV,Not Reported,Designated,1945,GIN,2464.80693594747,Africa,IV,-0.000739622885017255,0.918604651162791,0.829457364341085,0.874031007751938,0.910852713178295,0.796113514812812,TRUE
555697908,13,441.793220881147,0.817559455559894,9,320.900231177287,0.0050701332374885,0.154378006682631,0.0115446596916211,0.00647452645413265,Loky Manambato,Protected Landscape,National,V,Government-delegated management,Designated,2015,MDG,2485.61236664529,Africa,V,-0.0050701332374885,0.573643410852713,0.476744186046512,0.525193798449612,0.647286821705426,0.33995102457785,FALSE
555703462,9,518.539359088372,0.784210647225866,6,332.013816092986,0.0145660454259856,0,0.021521490622689,0.00695544519670342,Emawbum National Park,National Park,National,II,Federal or national ministry or agency,Designated,2020,MMR,1535.4906109747,Asia,II,-0.0145660454259856,0.437984496124031,0.5,0.468992248062016,0.488372093023256,0.229042725797729,FALSE
555704861,31,1447.24099934939,0.659995117191912,6,269.188849971297,0.166229891041063,0.639906130446741,0.27477259985202,0.108542708810957,STRATHCONA PARK,A - Park,National,II,Sub-national ministry or agency,Designated,1911,CAN,2479.60674407611,Americas,II,-0.166229891041063,0.24031007751938,0.368217054263566,0.304263565891473,0.062015503875969,0.0188690583498588,FALSE
555705044,64,2535.58815260058,0.646706328431835,5,211.965465184791,0.008737889638292,0,0.0133395094695436,0.00460161983125159,Proposed Chisesaakahikan-et-de-la-Rivière-Broadback Biodiversity Reserve,Proposed biodiversity reserve,National,II,Sub-national ministry or agency,Designated,2018,CAN,4977.86706451367,Americas,II,-0.008737889638292,0.22093023255814,0.263565891472868,0.242248062015504,0.589147286821706,0.14271978847425,FALSE
555705237,36,1762.84929938732,0.617432341328938,6,334.614359182436,0.0249569744580815,0,0.0503016230930471,0.0253446486349656,"Distritos Obispos, Sosa, Rojas y Bolívar del Estado Barinas, y Guanare y Guanarito del Estado Portuguesa (Guanare - Masparro)",National Hydraulic Reserve (RNH),National,VI,Collaborative governance,Designated,1974,VEN,9184.9981431652,Americas,VI,-0.0249569744580815,0.178294573643411,0.507751937984496,0.343023255813954,0.414728682170543,0.14226158283757,FALSE
555705313,25,1575.07148204443,0.490945258299696,7,285.332430518035,0.00442477062344608,0,0.00650570478685861,0.00208093416341253,Parc National Ogooué-Lékéti,National Park,National,II,Federal or national ministry or agency,Designated,2022,COG,3460.04098948931,Africa,II,-0.00442477062344608,0.0736434108527132,0.406976744186047,0.24031007751938,0.678294573643411,0.163001021573223,FALSE
555705344,268,9845.98004035095,0.474854846890101,21,981.625943012267,0.00402964362111477,0,0.00792454205682763,0.00389489843571286,Niassa,Special Reserve,National,VI,Collaborative governance,Designated,1954,MOZ,38188.5812658994,Africa,VI,-0.00402964362111477,0.062015503875969,0.891472868217054,0.476744186046512,0.693798449612403,0.330764377140797,FALSE
555705345,21,1063.13170179473,0.762820034460796,8,339.973971792655,0.0120219596863882,0,0.0177421294625893,0.00572016977620102,Chimanimani,Buffer Zone,National,VI,Federal or national ministry or agency,Designated,2003,MOZ,1710.02987360171,Africa,VI,-0.0120219596863882,0.391472868217054,0.511627906976744,0.451550387596899,0.534883720930233,0.241526951505318,FALSE
555707653,13,202.225991254097,0.807780015848079,9,144.977532357407,0.00364781050779108,0.109317581137122,0.00536190482413532,0.00171409431634424,Alhanaj,National Park,National,II,Federal or national ministry or agency,Designated,1999,RUS,1450.69442371706,Europe,II,-0.00364781050779108,0.534883720930233,0.104651162790698,0.319767441860465,0.709302325581395,0.226811790156842,FALSE
555707934,128,5176.33730842479,0.911189896938332,119,4882.18471658606,0.000165242483847835,0,0.00065130297752645,0.000486060493678614,Olekminskij,State Natural Zapovednik,National,Ia,Federal or national ministry or agency,Designated,1984,RUS,8513.60691381824,Europe,Ia,-0.000165242483847835,0.837209302325582,0.996124031007752,0.916666666666667,0.992248062015504,0.909560723514212,TRUE
555708059,35,1509.27925082564,0.465588328023493,5,257.037184208653,0.000911237296585179,0,0.00181166090935019,0.000900423612765014,Badzhal`skij,State Natural Zakaznik,National,IV,Federal or national ministry or agency,Designated,1987,RUS,2816.15659753007,Europe,IV,-0.000911237296585179,0.0542635658914729,0.341085271317829,0.197674418604651,0.891472868217054,0.176221380926627,FALSE
555708526,35,1444.71919359146,0.588361046018225,6,186.071244134231,0.000155038295372214,0,0.000307947855315448,0.000152909559943235,Harpinskij,State Natural Zakaznik,National,IV,Sub-national ministry or agency,Designated,1979,RUS,2974.92654013758,Europe,IV,-0.000155038295372214,0.158914728682171,0.209302325581395,0.184108527131783,0.996124031007752,0.183394928189412,FALSE
555708543,40,1882.87785933791,0.345180787646705,5,226.79482246479,0.00113415331176777,0,0.00219269004862762,0.00105853673685985,Gurskij,State Natural Zakaznik,National,IV,Sub-national ministry or agency,Designated,1990,RUS,2606.05404360415,Europe,IV,-0.00113415331176777,0.0155038759689922,0.282945736434109,0.14922480620155,0.883720930232558,0.131873084550207,FALSE
555708870,13,510.369249784988,0.954441851444509,13,510.369249784988,0.000706056311084441,0,0.00140318910855501,0.00069713279747057,Reka Udochka,State Natural Zakaznik,National,IV,Sub-national ministry or agency,Designated,1983,RUS,1051.10070654799,Europe,IV,-0.000706056311084441,0.957364341085271,0.72093023255814,0.839147286821705,0.918604651162791,0.770844600685055,TRUE
555708963,28,825.87480092143,0.929192310205287,28,825.87480092143,0.000335283141127151,0,0.000655135103560527,0.000319851962433376,Amma,Resource Reserve,National,VI,Sub-national ministry or agency,Designated,1999,RUS,6882.46770451509,Europe,VI,-0.000335283141127151,0.895348837209302,0.844961240310077,0.87015503875969,0.968992248062015,0.843173487170242,TRUE
555708979,6,312.231207133836,0.842615573049466,5,249.044594342949,0.00115318019442761,0,0.00229283993117239,0.00113965973674478,Mopau,State Natural Zakaznik,National,IV,Sub-national ministry or agency,Designated,1999,RUS,536.271605467364,Europe,IV,-0.00115318019442761,0.635658914728682,0.329457364341085,0.482558139534884,0.87984496124031,0.424576347575266,FALSE
555708991,19,819.926806248333,0.768856931899,10,439.279047980784,0.000278019853928415,0,0.000552384905992821,0.000274365052064407,Dublikanskij,State Natural Zakaznik,National,IV,Sub-national ministry or agency,Designated,1981,RUS,1380.94228446982,Europe,IV,-0.000278019853928415,0.39922480620155,0.63953488372093,0.51937984496124,0.976744186046512,0.50730124391563,FALSE
555709053,12,514.472447696564,0.893428066003994,10,437.897241527193,0.000792263227912503,0,0.00157464037347178,0.000782377145559272,Nauchno-issledovatel`skij stacionar Sobolevskij,State Natural Zakaznik,National,IV,Sub-national ministry or agency,Designated,1996,RUS,836.340028425754,Europe,IV,-0.000792263227912503,0.810077519379845,0.635658914728682,0.722868217054264,0.906976744186047,0.655624661979448,TRUE
555709158,89,3219.76572212926,0.456557570806332,5,128.22309295761,0.00461993286059071,0,0.00717111817650618,0.00255118531591548,CHikoj,National Park,National,Ib,Federal or national ministry or agency,Designated,2014,RUS,6671.60036756299,Europe,Ib,-0.00461993286059071,0.0503875968992248,0.0813953488372093,0.0658914728682171,0.666666666666667,0.0439276485788114,FALSE
555709167,133,8416.67396793945,0.137423708065647,5,239.193573864631,0.00246989791302013,0,0.00382282114539375,0.00135292323237362,Bikin,National Park,National,Ib,Federal or national ministry or agency,Designated,2015,RUS,11612.2273698325,Europe,Ib,-0.00246989791302013,0,0.317829457364341,0.158914728682171,0.771317829457364,0.122573763595938,FALSE
555710956,16,485.991896281327,0.970147195233439,16,485.991896281327,0.000198487961931199,0,0.000394269489554287,0.000195781527623088,Lopchinskij,State Natural Zakaznik,National,IV,Sub-national ministry or agency,Designated,1976,RUS,1431.8625072195,Europe,IV,-0.000198487961931199,0.984496124031008,0.697674418604651,0.841085271317829,0.988372093023256,0.831305210023436,TRUE
555711615,6,99.2440915235249,0.867358094556964,5,77.0096150123499,0.000546290892084719,0,0.00108550626530714,0.000539215373222423,Nikishinskij,State Natural Zakaznik,National,IV,Sub-national ministry or agency,Designated,1981,RUS,645.624861318172,Europe,IV,-0.000546290892084719,0.728682170542636,0.00387596899224806,0.366279069767442,0.941860465116279,0.344983775013521,FALSE
555711629,12,267.103950644261,0.791302193553271,7,134.013314341139,0.000463341048934854,0,0.000920599195607079,0.000457258146672225,CHitinskij,State Natural Zakaznik,National,IV,Sub-national ministry or agency,Designated,1981,RUS,1228.10213262933,Europe,IV,-0.000463341048934854,0.453488372093023,0.0891472868217054,0.271317829457364,0.949612403100775,0.257646776035094,FALSE
555711817,8,275.996763512075,0.911610289299312,8,275.996763512075,0.000708354555251008,0,0.00140777967213173,0.000699425116880721,Olenij dol,State Natural Zakaznik,National,IV,Sub-national ministry or agency,Designated,1995,RUS,709.107616091982,Europe,IV,-0.000708354555251008,0.84108527131783,0.383720930232558,0.612403100775194,0.914728682170543,0.560182681329247,TRUE
555711873,58,1339.86869804964,0.655083710398638,8,167.659020991015,0.00146557008620648,0,0.00596371110537504,0.00449814101916855,Magadanskij,State Natural Zapovednik,National,Ia,Federal or national ministry or agency,Designated,1982,RUS,8970.44305150712,Europe,Ia,-0.00146557008620648,0.236434108527132,0.158914728682171,0.197674418604651,0.848837209302326,0.167793401838832,FALSE
555711990,132,3689.4259739113,0.984888271054922,132,3689.4259739113,0.000389728314057952,0,0.000761653539915568,0.000371925225857616,Verhneamginskij,Resource Reserve,National,VI,Sub-national ministry or agency,Designated,1995,RUS,10394.8088021904,Europe,VI,-0.000389728314057952,1,0.984496124031008,0.992248062015504,0.961240310077519,0.953788834805601,TRUE
555712016,47,1360.0588816791,0.628145580093414,21,637.049084648919,0.00142374434389942,0,0.00278495435822437,0.00136121001432496,Ungra,Resource Reserve,National,VI,Sub-national ministry or agency,Designated,1979,RUS,3600.22933056643,Europe,VI,-0.00142374434389942,0.197674418604651,0.775193798449612,0.486434108527132,0.852713178294574,0.414788774713058,FALSE
555712020,44,1627.43496588585,0.407218734914049,5,172.149992042557,0.000218249435107377,0,0.000426308332294332,0.000208058897186955,Dzhanda,Resource Reserve,National,VI,Sub-national ministry or agency,Designated,1997,RUS,3070.30995018676,Europe,VI,-0.000218249435107377,0.0387596899224806,0.174418604651163,0.106589147286822,0.984496124031008,0.104936602367646,FALSE
555712021,25,664.114145802114,0.938252330843172,25,664.114145802114,0.000655705961066828,0,0.00128173397807695,0.000626028017010124,Kyrbykan,Resource Reserve,National,VI,Sub-national ministry or agency,Designated,1999,RUS,5663.78539990893,Europe,VI,-0.000655705961066828,0.914728682170543,0.786821705426357,0.85077519379845,0.926356589147287,0.788121206658254,TRUE
555712022,14,440.091908287187,0.967199240589201,14,440.091908287187,0.000447533945212186,0,0.00087453269479252,0.000426998749580334,Munduruchchu,Resource Reserve,National,VI,Sub-national ministry or agency,Designated,1996,RUS,4505.53476044985,Europe,VI,-0.000447533945212186,0.98062015503876,0.643410852713178,0.812015503875969,0.957364341085271,0.777394687819242,TRUE
555712023,40,571.188155992677,0.7041322401693,22,251.90268673381,0.000882853328697873,0,0.00172725287614999,0.000844399547452114,Nimnyr,Resource Reserve,National,VI,Sub-national ministry or agency,Designated,1999,RUS,4443.41665856416,Europe,VI,-0.000882853328697873,0.290697674418605,0.333333333333333,0.312015503875969,0.895348837209302,0.279362718586623,FALSE
555712024,44,1225.31424529836,0.958161698172309,44,1225.31424529836,0.000482503815287828,0,0.000942975315581175,0.000460471500293347,Tyylaah,Resource Reserve,National,VI,Sub-national ministry or agency,Designated,1999,RUS,2538.66841354009,Europe,VI,-0.000482503815287828,0.965116279069768,0.918604651162791,0.941860465116279,0.945736434108527,0.890751757706869,TRUE
555712025,31,943.533227297173,0.966987670354873,31,943.533227297173,0.00135044934934018,0,0.00264258125222644,0.00129213190288626,Ulahan-Tala,Resource Reserve,National,VI,Sub-national ministry or agency,Designated,1997,RUS,1919.96920061398,Europe,VI,-0.00135044934934018,0.976744186046512,0.875968992248062,0.926356589147287,0.86046511627907,0.797097530196503,TRUE
555712037,104,3191.51794513787,0.401081793687119,11,290.350962668473,0.000358926412387058,0,0.000701219007131515,0.000342292594744457,Vostok,Resource Reserve,National,VI,Sub-national ministry or agency,Designated,1999,RUS,7677.0714755464,Europe,VI,-0.000358926412387058,0.0348837209302326,0.422480620155039,0.228682170542636,0.965116279069768,0.220704885523707,FALSE
555712038,37,656.237442076731,0.644471484351794,14,175.725784456204,0.00149543852379711,0,0.00292739119377961,0.0014319526699825,Hatymi,Resource Reserve,National,VI,Sub-national ministry or agency,Designated,1999,RUS,4226.29658139777,Europe,VI,-0.00149543852379711,0.213178294573643,0.182170542635659,0.197674418604651,0.844961240310077,0.167027221921759,FALSE
555712164,9,100.820631295558,0.904230429625516,8,92.0390806088673,0.00828171678918576,0,0.0122260812706225,0.00394436448143677,Ivano-Arahlejskij,Natural Park,National,II,Sub-national ministry or agency,Designated,2014,RUS,2092.95055038565,Europe,II,-0.00828171678918576,0.829457364341085,0.0232558139534884,0.426356589147287,0.596899224806202,0.254491917553032,FALSE
555712387,20,802.175266834422,0.898176594296389,17,715.468285140874,0.00120721911642594,0,0.00240099453460745,0.00119377541818151,Reka Kol`,State Natural Zakaznik,National,IV,Sub-national ministry or agency,Designated,2006,RUS,2199.5368255059,Europe,IV,-0.00120721911642594,0.817829457364341,0.802325581395349,0.810077519379845,0.875968992248062,0.709602788293973,TRUE
555712746,33,1992.74551744048,0.479115478929648,11,643.858620659771,0.000649188682753049,0,0.00262975132078591,0.00198056263803286,Botchinskij,State Natural Zapovednik,National,Ia,Federal or national ministry or agency,Designated,1994,RUS,2726.17391694978,Europe,Ia,-0.000649188682753049,0.0697674418604651,0.779069767441861,0.424418604651163,0.930232558139535,0.394808004326663,FALSE
555713248,5,88.2550071569121,0.924487336310104,5,88.2550071569121,0.00885152314089217,0.415118959191252,0.0173280915355142,0.00847656839462201,CHinetinskij,State Natural Zakaznik,National,IV,Sub-national ministry or agency,Designated,1976,RUS,650.235410088285,Europe,IV,-0.00885152314089217,0.868217054263566,0.0193798449612403,0.443798449612403,0.577519379844961,0.25630220539631,FALSE
555713635,7,241.877691488875,0.965291041596442,7,241.877691488875,0.00963139208044831,0.157250768933697,0.0138115972687519,0.00418020518830358,Bobrovyj,State Natural Zakaznik,National,IV,Sub-national ministry or agency,Designated,1994,RUS,400.038072388228,Europe,IV,-0.00963139208044831,0.972868217054264,0.321705426356589,0.647286821705426,0.565891472868217,0.366294092903071,FALSE
555713695,8,235.965593875758,0.860000241351696,5,169.74797593474,0.00155425114739862,0,0.00309258346375262,0.001538332316354,Timonovskij,State Natural Zakaznik,National,IV,Sub-national ministry or agency,Designated,1983,RUS,729.35288213879,Europe,IV,-0.00155425114739862,0.709302325581395,0.166666666666667,0.437984496124031,0.84108527131783,0.368382308755483,FALSE
555714414,87,3175.9077886865,0.374311387737968,7,140.603018475834,0.00022152331880874,0,0.000440051819221795,0.000218528500413055,Lyuksini,The Quiet Zone,National,IV,Sub-national ministry or agency,Designated,1999,RUS,5662.48072659437,Europe,IV,-0.00022152331880874,0.0271317829457364,0.0968992248062016,0.062015503875969,0.98062015503876,0.0608136530256595,FALSE
555715672,9,374.109169309991,0.88444414621529,8,344.353995560107,0.0206674737321453,0,0.0405547280013494,0.0198872542692041,Área De Proteção Ambiental Litoral Norte,Environmental Protection Area,National,V,Sub-national ministry or agency,Designated,1992,BRA,1371.83018872409,Americas,V,-0.0206674737321453,0.798449612403101,0.523255813953488,0.660852713178295,0.441860465116279,0.292004687218316,FALSE
555715998,5,192.882940579564,0.974157727869505,5,192.882940579564,0.00155548978215781,0,0.00228349687425241,0.000728007092094602,Drumlins-du-Lac-Clérac Biodiversity Reserve,Biodiversity reserve,National,II,Sub-national ministry or agency,Designated,2020,CAN,449.02389439536,Americas,II,-0.00155548978215781,0.988372093023256,0.232558139534884,0.61046511627907,0.837209302325582,0.511087074094105,FALSE
555721641,20,803.206411264766,0.752385763435923,5,175.540363984641,0.0012931670347417,0,0.00189820338871079,0.000605036353969087,Deddessa,National Park,National,II,Sub-national ministry or agency,Designated,2017,ETH,2338.33040168478,Africa,II,-0.0012931670347417,0.364341085271318,0.178294573643411,0.271317829457364,0.868217054263566,0.235562766660657,FALSE
555744512,40,915.961517801935,0.645106461743135,8,166.533997021463,0.00061722656462316,0,0.000905864684304536,0.000288638119681376,Pipunishiwin Saahkamiishtiku Territorial reserve for protected area purposes,Land reserved for protected area,National,II,Sub-national ministry or agency,Established,2020,CAN,5085.86785906769,Americas,II,-0.00061722656462316,0.217054263565891,0.155038759689923,0.186046511627907,0.934108527131783,0.17378763295475,FALSE
555744526,8,296.341500981078,0.831977352674194,5,163.734008557612,0.0154408570542448,0,0.0228298935297321,0.00738903647548733,Aashukan Territorial reserve for protected area purposes,Land reserved for protected area,National,II,Sub-national ministry or agency,Established,2020,CAN,1009.9524554802,Americas,II,-0.0154408570542448,0.612403100775194,0.13953488372093,0.375968992248062,0.472868217054264,0.177783787032029,FALSE
555759266,36,489.943772380388,0.787567488142043,20,260.537593150152,0.124737358317496,0.245929027497759,0.212044075839575,0.0873067175220786,Olkola,Indigenous Protected Area,National,II,Indigenous Peoples,Designated,2022,AUS,6796.59881666527,Oceania,II,-0.124737358317496,0.441860465116279,0.344961240310078,0.393410852713178,0.131782945736434,0.0518448410552251,FALSE
555759399,12,262.917812151791,0.802684925439633,7,146.211603958485,0.0389596052552042,0,0.0820593036325418,0.0430996983773376,Wik,Indigenous Protected Area,National,IV,Indigenous Peoples,Designated,2023,AUS,1562.12962199833,Oceania,IV,-0.0389596052552042,0.484496124031008,0.108527131782946,0.296511627906977,0.344961240310078,0.102285018929151,FALSE
555782800,54,1863.92135354701,0.707261475970795,18,537.941676226897,0.161992125923177,0.533622055527348,0.646481955178019,0.484489829254842,Catchment Reserve Protection Area,Catchment Reserve Protection Area,National,IV,Sub-national ministry or agency,Designated,2009,KOR,3052.33177064894,Asia,IV,-0.161992125923177,0.294573643410853,0.728682170542636,0.511627906976744,0.0736434108527132,0.0376780241572021,FALSE
555783071,7,323.169434193347,0.95424461426842,7,323.169434193347,0.0514757971551718,0,0.106816629663856,0.0553408325086839,Bosque Seco del Occidente Antioqueño,Integrated Management Regional Districts,National,VI,Sub-national ministry or agency,Designated,2021,COL,701.026474606603,Americas,VI,-0.0514757971551718,0.949612403100775,0.484496124031008,0.717054263565891,0.302325581395349,0.216783847124572,FALSE
555783613,9,1040.24836314826,0.928183439198948,9,1040.24836314826,0.00133977585451508,0,0.0030356208315579,0.00169584497704282,Área De Proteção Ambiental Do Rio Pardo,Environmental Protection Area,National,V,Sub-national ministry or agency,Designated,2010,BRA,1138.1320932199,Americas,V,-0.00133977585451508,0.883720930232558,0.895348837209302,0.88953488372093,0.864341085271318,0.768861546782044,TRUE
555783615,6,193.380719352206,0.976531511802581,6,193.380719352206,0.0542529691925213,0.183621863132737,0.134282078001333,0.0800291088088114,Área De Proteção Ambiental Joanes - Ipitanga,Environmental Protection Area,National,V,Sub-national ministry or agency,Designated,1999,BRA,663.039524983745,Americas,V,-0.0542529691925213,0.992248062015504,0.236434108527132,0.614341085271318,0.294573643410853,0.180968691785349,FALSE
555784094,19,1202.28842923382,0.758700444085453,10,584.396018194086,0.0110665484454177,0,0.0168276033312493,0.00576105488583157,Complexe Parc national de Taï - Réserve naturelle partielle de faune du N'Zo,National Park-Partial Fauna Reserve Complex,National,IV,Government-delegated management,Designated,1972,CIV,5358.77475943599,Africa,IV,-0.0110665484454177,0.375968992248062,0.751937984496124,0.563953488372093,0.550387596899225,0.310393005228051,FALSE
