iso_a3,protected_forest_area_ha,pest_record_area_ha_gt0,pest_record_area_ha_gt1,pest_record_share_gt0,pest_record_share_gt1,n_protected_forest_cells,n_cells_with_pest_gt0,n_cells_with_pest_gt1,protected_forest_area_Mha,pest_record_area_Mha_gt0,pest_record_area_Mha_gt1,pest_record_share_pct_gt0,pest_record_share_pct_gt1,formal_en,continent
BRA,245981471.505149,2162711.53818356,2162711.53818356,0.00879217253620786,0.00879217253620786,26206,452,247,245.981471505149,2.16271153818356,2.16271153818356,0.879217253620786,0.879217253620786,Federative Republic of Brazil,South America
RUS,126349693.705177,1322686.41417234,1322686.41417234,0.0104684576225304,0.0104684576225304,33908,605,261,126.349693705177,1.32268641417234,1.32268641417234,1.04684576225304,1.04684576225304,Russian Federation,Europe
CAN,78378256.7516616,4961332.9314533,4961332.9314533,0.0632998632155483,0.0632998632155483,22787,2441,1503,78.3782567516616,4.9613329314533,4.9613329314533,6.32998632155483,6.32998632155483,Canada,North America
USA,61307747.1085127,17095051.1879013,17095051.1879013,0.278839983430539,0.278839983430539,24058,9848,7456,61.3077471085127,17.0950511879013,17.0950511879013,27.8839983430539,27.8839983430539,United States of America,North America
VEN,45560409.106947,342872.825393564,342872.825393564,0.00752567485925588,0.00752567485925588,4503,36,19,45.560409106947,0.342872825393564,0.342872825393564,0.752567485925588,0.752567485925588,Bolivarian Republic of Venezuela,South America
COD,35371100.4562961,41440.1758615673,41440.1758615673,0.00117158288339856,0.00117158288339856,3627,6,2,35.3711004562961,0.0414401758615673,0.0414401758615673,0.117158288339856,0.117158288339856,Democratic Republic of the Congo,Africa
TZA,32467158.4413476,223505.972231352,223505.972231352,0.00688406324917896,0.00688406324917896,3720,48,29,32.4671584413476,0.223505972231352,0.223505972231352,0.688406324917896,0.688406324917896,United Republic of Tanzania,Africa
AUS,27986875.1113631,8154241.27225882,8154241.27225882,0.29135947617632,0.29135947617632,5618,2113,1765,27.9868751113631,8.15424127225882,8.15424127225882,29.135947617632,29.135947617632,Commonwealth of Australia,Oceania
ZMB,26551468.6904313,174248.249734748,174248.249734748,0.00656265955628827,0.00656265955628827,3319,24,10,26.5514686904313,0.174248249734748,0.174248249734748,0.656265955628827,0.656265955628827,Republic of Zambia,Africa
BOL,23408140.5270855,121455.420468451,121455.420468451,0.00518859754485478,0.00518859754485478,2590,17,8,23.4081405270855,0.121455420468451,0.121455420468451,0.518859754485478,0.518859754485478,Plurinational State of Bolivia,South America
-99,22645108.2968344,14743978.9952552,14743978.9952552,0.651088915185992,0.651088915185992,6101,3946,3516,22.6451082968344,14.7439789952552,14.7439789952552,65.1088915185992,65.1088915185992,Republic of Somaliland,Africa
-99,22645108.2968344,14743978.9952552,14743978.9952552,0.651088915185992,0.651088915185992,6101,3946,3516,22.6451082968344,14.7439789952552,14.7439789952552,65.1088915185992,65.1088915185992,Kingdom of Norway,Europe
-99,22645108.2968344,14743978.9952552,14743978.9952552,0.651088915185992,0.651088915185992,6101,3946,3516,22.6451082968344,14.7439789952552,14.7439789952552,65.1088915185992,65.1088915185992,Republic of Kosovo,Europe
-99,22645108.2968344,14743978.9952552,14743978.9952552,0.651088915185992,0.651088915185992,6101,3946,3516,22.6451082968344,14.7439789952552,14.7439789952552,65.1088915185992,65.1088915185992,French Republic,Europe
-99,22645108.2968344,14743978.9952552,14743978.9952552,0.651088915185992,0.651088915185992,6101,3946,3516,22.6451082968344,14.7439789952552,14.7439789952552,65.1088915185992,65.1088915185992,Turkish Republic of Northern Cyprus,Asia
-99,22645108.2968344,14743978.9952552,14743978.9952552,0.651088915185992,0.651088915185992,6101,3946,3516,22.6451082968344,14.7439789952552,14.7439789952552,65.1088915185992,65.1088915185992,,Asia
-99,22645108.2968344,14743978.9952552,14743978.9952552,0.651088915185992,0.651088915185992,6101,3946,3516,22.6451082968344,14.7439789952552,14.7439789952552,65.1088915185992,65.1088915185992,Territory of Ashmore and Cartier Islands,Oceania
-99,22645108.2968344,14743978.9952552,14743978.9952552,0.651088915185992,0.651088915185992,6101,3946,3516,22.6451082968344,14.7439789952552,14.7439789952552,65.1088915185992,65.1088915185992,,Asia
PER,21895200.4521765,130681.998207089,130681.998207089,0.00596852257610176,0.00596852257610176,2604,32,14,21.8952004521765,0.130681998207089,0.130681998207089,0.596852257610176,0.596852257610176,Republic of Peru,South America
IDN,21872956.5445531,477315.015176007,477315.015176007,0.0218221534982599,0.0218221534982599,3239,111,52,21.8729565445531,0.477315015176007,0.477315015176007,2.18221534982599,2.18221534982599,Republic of Indonesia,Asia
MOZ,20900627.5947993,210179.158545522,210179.158545522,0.0100561170994607,0.0100561170994607,2230,22,8,20.9006275947993,0.210179158545522,0.210179158545522,1.00561170994607,1.00561170994607,Republic of Mozambique,Africa
COL,18871933.8953195,372481.319751391,372481.319751391,0.0197373158372375,0.0197373158372375,2909,146,101,18.8719338953195,0.372481319751391,0.372481319751391,1.97373158372375,1.97373158372375,Republic of Colombia,South America
DEU,14606529.0464308,11431071.9655816,11431071.9655816,0.782600159780935,0.782600159780935,3839,2975,2289,14.6065290464308,11.4310719655816,11.4310719655816,78.2600159780935,78.2600159780935,Federal Republic of Germany,Europe
MEX,14579572.2777687,3650591.8152503,3650591.8152503,0.250390871947377,0.250390871947377,2379,629,499,14.5795722777687,3.6505918152503,3.6505918152503,25.0390871947377,25.0390871947377,United Mexican States,North America
POL,12690573.4911588,2017004.68225452,2017004.68225452,0.158937236655201,0.158937236655201,3037,483,208,12.6905734911588,2.01700468225452,2.01700468225452,15.8937236655201,15.8937236655201,Republic of Poland,Europe
COG,12597381.0667318,19427.0603147364,19427.0603147364,0.00154215072258479,0.00154215072258479,1257,4,2,12.5973810667318,0.0194270603147364,0.0194270603147364,0.154215072258479,0.154215072258479,Republic of the Congo,Africa
ESP,12137076.5581598,12029188.0290439,12029188.0290439,0.991110830635457,0.991110830635457,2175,2159,2153,12.1370765581598,12.0291880290439,12.0291880290439,99.1110830635457,99.1110830635457,Kingdom of Spain,Europe
CAF,10577743.1785542,39288.4443818039,39288.4443818039,0.00371425584064653,0.00371425584064653,1097,5,1,10.5777431785542,0.0392884443818039,0.0392884443818039,0.371425584064653,0.371425584064653,Central African Republic,Africa
THA,10396372.3708012,896117.744219324,896117.744219324,0.0861952335158871,0.0861952335158871,1583,156,62,10.3963723708012,0.896117744219324,0.896117744219324,8.61952335158871,8.61952335158871,Kingdom of Thailand,Asia
CHL,9733952.90690939,564982.805042637,564982.805042637,0.0580424839164364,0.0580424839164364,1617,92,56,9.73395290690939,0.564982805042637,0.564982805042637,5.80424839164364,5.80424839164364,Republic of Chile,South America
AGO,9533790.69706723,0,0,0,0,1010,0,0,9.53379069706723,0,0,0,0,People's Republic of Angola,Africa
ETH,9100192.00487051,73026.959546701,73026.959546701,0.00802477129137673,0.00802477129137673,1195,11,7,9.10019200487051,0.073026959546701,0.073026959546701,0.802477129137673,0.802477129137673,Federal Democratic Republic of Ethiopia,Africa
SSD,8674012.91190196,23152.39623256,23152.39623256,0.00266916783128045,0.00266916783128045,938,2,1,8.67401291190196,0.02315239623256,0.02315239623256,0.266916783128045,0.266916783128045,Republic of South Sudan,Africa
SWE,7900489.01957706,1986005.33094728,1986005.33094728,0.251377519293558,0.251377519293558,5048,2089,1605,7.90048901957706,1.98600533094728,1.98600533094728,25.1377519293558,25.1377519293558,Kingdom of Sweden,Europe
NZL,7672670.42379063,1220397.93238979,1220397.93238979,0.159057781056997,0.159057781056997,1825,472,299,7.67267042379063,1.22039793238979,1.22039793238979,15.9057781056997,15.9057781056997,New Zealand,Oceania
JPN,7348861.70734648,1847318.12761864,1847318.12761864,0.251374730017292,0.251374730017292,2804,662,359,7.34886170734648,1.84731812761864,1.84731812761864,25.1374730017292,25.1374730017292,Japan,Asia
ARG,7331279.04350838,312151.314064217,312151.314064217,0.0425780156793538,0.0425780156793538,1143,63,34,7.33127904350838,0.312151314064217,0.312151314064217,4.25780156793538,4.25780156793538,Argentine Republic,South America
GIN,7321706.30799382,23323.0189866049,23323.0189866049,0.0031854622413823,0.0031854622413823,915,4,1,7.32170630799382,0.0233230189866049,0.0233230189866049,0.31854622413823,0.31854622413823,Republic of Guinea,Africa
CIV,7224427.06913117,92803.9880792321,92803.9880792321,0.0128458612968451,0.0128458612968451,1316,27,14,7.22442706913117,0.0928039880792321,0.0928039880792321,1.28458612968451,1.28458612968451,Republic of Ivory Coast,Africa
UKR,7211201.65218857,751767.329500359,751767.329500359,0.104249938603811,0.104249938603811,2567,232,102,7.21120165218857,0.751767329500359,0.751767329500359,10.4249938603811,10.4249938603811,Ukraine,Europe
MDG,7132268.07823168,223916.862061555,223916.862061555,0.0313949026600625,0.0313949026600625,1186,32,12,7.13226807823168,0.223916862061555,0.223916862061555,3.13949026600625,3.13949026600625,Republic of Madagascar,Africa
ZWE,7103536.09271008,149158.645053266,149158.645053266,0.020997802095542,0.020997802095542,870,25,9,7.10353609271008,0.149158645053266,0.149158645053266,2.0997802095542,2.0997802095542,Republic of Zimbabwe,Africa
PRY,7096957.11210854,101170.659121779,101170.659121779,0.0142554981696544,0.0142554981696544,900,26,16,7.09695711210854,0.101170659121779,0.101170659121779,1.42554981696544,1.42554981696544,Republic of Paraguay,South America
KHM,6921136.21692497,409670.976929295,409670.976929295,0.0591912894197175,0.0591912894197175,829,47,32,6.92113621692497,0.409670976929295,0.409670976929295,5.91912894197175,5.91912894197175,Kingdom of Cambodia,Asia
NGA,6839144.13428506,57895.959163357,57895.959163357,0.00846538075913927,0.00846538075913927,1376,9,8,6.83914413428506,0.057895959163357,0.057895959163357,0.846538075913927,0.846538075913927,Federal Republic of Nigeria,Africa
ITA,6580397.75103804,2828985.97689312,2828985.97689312,0.429911091080604,0.429911091080604,1696,820,543,6.58039775103804,2.82898597689312,2.82898597689312,42.9911091080604,42.9911091080604,Italian Republic,Europe
CHN,5486963.59922139,580183.818732643,580183.818732643,0.105738594441372,0.105738594441372,1066,109,66,5.48696359922139,0.580183818732643,0.580183818732643,10.5738594441372,10.5738594441372,People's Republic of China,Asia
GAB,5426321.09559191,217797.204044563,217797.204044563,0.0401371758522531,0.0401371758522531,628,27,26,5.42632109559191,0.217797204044563,0.217797204044563,4.01371758522531,4.01371758522531,Gabonese Republic,Africa
ECU,5304782.7525266,324480.356031194,324480.356031194,0.0611675107480412,0.0611675107480412,710,66,33,5.3047827525266,0.324480356031194,0.324480356031194,6.11675107480412,6.11675107480412,Republic of Ecuador,South America
ROU,5028375.97209718,701372.510257019,701372.510257019,0.139482909422244,0.139482909422244,1256,150,97,5.02837597209718,0.701372510257019,0.701372510257019,13.9482909422244,13.9482909422244,Romania,Europe
BGR,4848950.64065275,385919.682019256,385919.682019256,0.0795882883986842,0.0795882883986842,882,64,26,4.84895064065275,0.385919682019256,0.385919682019256,7.95882883986842,7.95882883986842,Republic of Bulgaria,Europe
FIN,4799848.02151876,825294.044009365,825294.044009365,0.171941703218392,0.171941703218392,4018,1050,663,4.79984802151876,0.825294044009365,0.825294044009365,17.1941703218392,17.1941703218392,Republic of Finland,Europe
LAO,4492545.16433616,45312.8313886362,45312.8313886362,0.010086227234475,0.010086227234475,658,10,4,4.49254516433616,0.0453128313886362,0.0453128313886362,1.0086227234475,1.0086227234475,Lao People's Democratic Republic,Asia
VNM,4476770.53621912,330653.555384673,330653.555384673,0.0738598399693561,0.0738598399693561,803,60,30,4.47677053621912,0.330653555384673,0.330653555384673,7.38598399693561,7.38598399693561,Socialist Republic of Vietnam,Asia
CMR,4388513.46847103,47851.289617461,47851.289617461,0.0109037581771698,0.0109037581771698,627,15,12,4.38851346847103,0.047851289617461,0.047851289617461,1.09037581771698,1.09037581771698,Republic of Cameroon,Africa
ZAF,4286317.07991306,866736.67892256,866736.67892256,0.202210117161967,0.202210117161967,1080,214,122,4.28631707991306,0.86673667892256,0.86673667892256,20.2210117161967,20.2210117161967,Republic of South Africa,Africa
MMR,4245083.79916751,14763.1965225251,14763.1965225251,0.0034777161584938,0.0034777161584938,647,3,0,4.24508379916751,0.0147631965225251,0.0147631965225251,0.34777161584938,0.34777161584938,Republic of the Union of Myanmar,Asia
MYS,4166109.83807346,334469.85344319,334469.85344319,0.0802834938211468,0.0802834938211468,956,88,44,4.16610983807346,0.33446985344319,0.33446985344319,8.02834938211468,8.02834938211468,Malaysia,Asia
NIC,4130143.13229111,308988.028101312,308988.028101312,0.0748129104014627,0.0748129104014627,485,41,38,4.13014313229111,0.308988028101312,0.308988028101312,7.48129104014627,7.48129104014627,Republic of Nicaragua,North America
PHL,3792637.41870707,310672.582337394,310672.582337394,0.0819146541151049,0.0819146541151049,718,63,27,3.79263741870707,0.310672582337394,0.310672582337394,8.19146541151049,8.19146541151049,Republic of the Philippines,Asia
TCD,3701914.92250712,0,0,0,0,362,0,0,3.70191492250712,0,0,0,0,Republic of Chad,Africa
GBR,3695612.28073855,2797888.67041106,2797888.67041106,0.757083930312059,0.757083930312059,1186,885,740,3.69561228073855,2.79788867041106,2.79788867041106,75.7083930312059,75.7083930312059,United Kingdom of Great Britain and Northern Ireland,Europe
MNG,3687596.33065152,0,0,0,0,570,0,0,3.68759633065152,0,0,0,0,Mongolia,Asia
GHA,3433732.90097879,56920.0138188093,56920.0138188093,0.0165767156212367,0.0165767156212367,732,13,7,3.43373290097879,0.0569200138188093,0.0569200138188093,1.65767156212367,1.65767156212367,Republic of Ghana,Africa
KEN,3395580.27336214,173703.436355882,173703.436355882,0.0511557443417142,0.0511557443417142,588,34,12,3.39558027336214,0.173703436355882,0.173703436355882,5.11557443417142,5.11557443417142,Republic of Kenya,Africa
GRC,3326237.68839555,389959.570764355,389959.570764355,0.117237433790385,0.117237433790385,739,104,49,3.32623768839555,0.389959570764355,0.389959570764355,11.7237433790385,11.7237433790385,Hellenic Republic,Europe
GTM,3266650.70625976,181474.249690677,181474.249690677,0.0555536131680454,0.0555536131680454,471,40,23,3.26665070625976,0.181474249690677,0.181474249690677,5.55536131680454,5.55536131680454,Republic of Guatemala,North America
BEN,3057179.97110494,1144322.35127946,1144322.35127946,0.37430650537262,0.37430650537262,365,129,124,3.05717997110494,1.14432235127946,1.14432235127946,37.430650537262,37.430650537262,Republic of Benin,Africa
UGA,3030541.47946006,122461.54293729,122461.54293729,0.0404091294467641,0.0404091294467641,771,21,10,3.03054147946006,0.12246154293729,0.12246154293729,4.04091294467641,4.04091294467641,Republic of Uganda,Africa
HND,2937098.41755779,87891.9359603158,87891.9359603158,0.0299247500304734,0.0299247500304734,436,18,12,2.93709841755779,0.0878919359603158,0.0878919359603158,2.99247500304734,2.99247500304734,Republic of Honduras,North America
CRI,2821158.57149498,921283.478881158,921283.478881158,0.326562104019894,0.326562104019894,335,107,62,2.82115857149498,0.921283478881158,0.921283478881158,32.6562104019894,32.6562104019894,Republic of Costa Rica,North America
AUT,2800866.32067621,2395981.32778422,2395981.32778422,0.855442942812692,0.855442942812692,764,670,607,2.80086632067621,2.39598132778422,2.39598132778422,85.5442942812693,85.5442942812693,Republic of Austria,Europe
KAZ,2649262.45888643,65328.9077904982,65328.9077904982,0.0246592811411966,0.0246592811411966,467,10,2,2.64926245888643,0.0653289077904982,0.0653289077904982,2.46592811411966,2.46592811411966,Republic of Kazakhstan,Asia
SUR,2106291.56172994,6390.69861661813,6390.69861661813,0.00303409970999899,0.00303409970999899,269,1,0,2.10629156172994,0.00639069861661813,0.00639069861661813,0.303409970999899,0.303409970999899,Republic of Suriname,South America
MWI,2106266.66846436,84854.6098110266,84854.6098110266,0.0402867362815424,0.0402867362815424,428,24,9,2.10626666846436,0.0848546098110266,0.0848546098110266,4.02867362815424,4.02867362815424,Republic of Malawi,Africa
BLR,2100186.38712076,89190.4002470572,89190.4002470572,0.0424678498984713,0.0424678498984713,704,29,13,2.10018638712076,0.0891904002470572,0.0891904002470572,4.24678498984713,4.24678498984713,Republic of Belarus,Europe
LKA,2085703.14323991,293013.083203005,293013.083203005,0.14048647534176,0.14048647534176,428,87,43,2.08570314323991,0.293013083203005,0.293013083203005,14.048647534176,14.048647534176,Democratic Socialist Republic of Sri Lanka,Asia
SVK,2003431.65451043,1921173.92947148,1921173.92947148,0.958941586625246,0.958941586625246,446,418,414,2.00343165451043,1.92117392947148,1.92117392947148,95.8941586625246,95.8941586625246,Slovak Republic,Europe
CZE,1978320.97095231,1094549.40264157,1094549.40264157,0.553271900117744,0.553271900117744,646,333,190,1.97832097095231,1.09454940264157,1.09454940264157,55.3271900117744,55.3271900117744,Czech Republic,Europe
GUY,1897305.95481925,4789.86620430872,4789.86620430872,0.00252456183576625,0.00252456183576625,276,2,2,1.89730595481925,0.00478986620430872,0.00478986620430872,0.252456183576625,0.252456183576625,Co-operative Republic of Guyana,South America
PAN,1886294.50730241,130255.214637105,130255.214637105,0.0690534877416267,0.0690534877416267,283,31,14,1.88629450730241,0.130255214637105,0.130255214637105,6.90534877416267,6.90534877416267,Republic of Panama,North America
LVA,1826949.29405119,140138.98789673,140138.98789673,0.0767065557610399,0.0767065557610399,583,36,10,1.82694929405119,0.14013898789673,0.14013898789673,7.67065557610399,7.67065557610399,Republic of Latvia,Europe
HRV,1810496.05366678,534235.038037226,534235.038037226,0.29507661005681,0.29507661005681,456,135,80,1.81049605366678,0.534235038037226,0.534235038037226,29.507661005681,29.507661005681,Republic of Croatia,Europe
HUN,1712574.60771562,1102490.4516831,1102490.4516831,0.643761998289634,0.643761998289634,540,296,208,1.71257460771562,1.1024904516831,1.1024904516831,64.3761998289634,64.3761998289634,Republic of Hungary,Europe
KOR,1709733.19724232,1230698.26191761,1230698.26191761,0.719818895663157,0.719818895663157,731,557,413,1.70973319724232,1.23069826191761,1.23069826191761,71.9818895663157,71.9818895663157,Republic of Korea,Asia
PNG,1627910.14151728,93497.6125277828,93497.6125277828,0.0574341360393756,0.0574341360393756,265,19,16,1.62791014151728,0.0934976125277828,0.0934976125277828,5.74341360393756,5.74341360393756,Independent State of Papua New Guinea,Oceania
LTU,1610547.27572649,898647.519173781,898647.519173781,0.557976492039586,0.557976492039586,678,310,183,1.61054727572649,0.898647519173781,0.898647519173781,55.7976492039586,55.7976492039586,Republic of Lithuania,Europe
BTN,1582667.38379217,22540.6751059072,22540.6751059072,0.014242206124131,0.014242206124131,215,6,1,1.58266738379217,0.0225406751059072,0.0225406751059072,1.4242206124131,1.4242206124131,Kingdom of Bhutan,Asia
NPL,1566870.2011503,126019.309972554,126019.309972554,0.0804274086519983,0.0804274086519983,254,23,13,1.5668702011503,0.126019309972554,0.126019309972554,8.04274086519983,8.04274086519983,Nepal,Asia
GEO,1382794.42863846,88590.9840176459,88590.9840176459,0.064066633610084,0.064066633610084,322,18,7,1.38279442863846,0.0885909840176459,0.0885909840176459,6.4066633610084,6.4066633610084,Georgia,Asia
SEN,1372984.38960212,120.225682611691,120.225682611691,8.75652218060044e-05,8.75652218060044e-05,213,1,1,1.37298438960212,0.000120225682611691,0.000120225682611691,0.00875652218060044,0.00875652218060044,Republic of Senegal,Africa
EST,1293265.62812518,501428.257029848,501428.257029848,0.387722557628596,0.387722557628596,626,225,113,1.29326562812518,0.501428257029848,0.501428257029848,38.7722557628596,38.7722557628596,Republic of Estonia,Europe
PRT,1292048.62557397,908279.876209323,908279.876209323,0.702976543011946,0.702976543011946,295,207,171,1.29204862557397,0.908279876209323,0.908279876209323,70.2976543011946,70.2976543011946,Portuguese Republic,Europe
IND,1265593.47634757,206922.795581535,206922.795581535,0.163498626888234,0.163498626888234,279,48,32,1.26559347634757,0.206922795581535,0.206922795581535,16.3498626888234,16.3498626888234,Republic of India,Asia
SRB,1182852.47632027,500315.504271767,500315.504271767,0.42297371336466,0.42297371336466,300,121,77,1.18285247632027,0.500315504271766,0.500315504271766,42.297371336466,42.297371336466,Republic of Serbia,Europe
LBR,993013.355489293,13823.7361146269,13823.7361146269,0.01392099717311,0.01392099717311,170,3,3,0.993013355489293,0.0138237361146269,0.0138237361146269,1.392099717311,1.392099717311,Republic of Liberia,Africa
MLI,983723.203876774,0,0,0,0,197,0,0,0.983723203876774,0,0,0,0,Republic of Mali,Africa
DOM,983386.289814489,223496.110696786,223496.110696786,0.227271940855457,0.227271940855457,235,65,36,0.983386289814489,0.223496110696786,0.223496110696786,22.7271940855457,22.7271940855457,Dominican Republic,North America
BLZ,917949.108826795,63360.3908981978,63360.3908981978,0.0690238601344436,0.0690238601344436,139,17,11,0.917949108826795,0.0633603908981978,0.0633603908981978,6.90238601344436,6.90238601344436,Belize,North America
SVN,904289.010338373,904289.010338373,904289.010338373,1,1,229,229,229,0.904289010338373,0.904289010338373,0.904289010338373,100,100,Republic of Slovenia,Europe
AZE,872993.369403072,9650.2059594902,9650.2059594902,0.0110541572223953,0.0110541572223953,158,1,1,0.872993369403072,0.0096502059594902,0.0096502059594902,1.10541572223953,1.10541572223953,Republic of Azerbaijan,Asia
MAR,808779.446887074,52747.1488422898,52747.1488422898,0.0652182112754091,0.0652182112754091,102,6,3,0.808779446887074,0.0527471488422898,0.0527471488422898,6.52182112754091,6.52182112754091,Kingdom of Morocco,Africa
BEL,796433.981488151,790179.484696735,790179.484696735,0.992146873517716,0.992146873517716,267,265,262,0.796433981488151,0.790179484696735,0.790179484696735,99.2146873517716,99.2146873517716,Kingdom of Belgium,Europe
SLE,787785.117241243,7570.00469853347,7570.00469853347,0.00960922532408709,0.00960922532408709,198,2,2,0.787785117241243,0.00757000469853347,0.00757000469853347,0.960922532408709,0.960922532408709,Republic of Sierra Leone,Africa
BWA,713248.733685649,23309.9733257725,23309.9733257725,0.0326814086375174,0.0326814086375174,63,2,1,0.713248733685649,0.0233099733257725,0.0233099733257725,3.26814086375174,3.26814086375174,Republic of Botswana,Africa
TWN,691353.036083091,448593.472013233,448593.472013233,0.648863096855365,0.648863096855365,128,97,91,0.691353036083091,0.448593472013233,0.448593472013233,64.8863096855365,64.8863096855365,,Asia
MKD,690943.681114217,46972.3049799273,46972.3049799273,0.0679828273473457,0.0679828273473457,131,8,3,0.690943681114217,0.0469723049799273,0.0469723049799273,6.79828273473457,6.79828273473457,Republic of North Macedonia,Europe
CHE,661684.862261967,533435.989801571,533435.989801571,0.80617831875135,0.80617831875135,424,368,330,0.661684862261967,0.533435989801571,0.533435989801571,80.617831875135,80.617831875135,Swiss Confederation,Europe
CUB,652044.179941229,87900.2976830827,87900.2976830827,0.134807272861488,0.134807272861488,211,17,9,0.652044179941229,0.0879002976830827,0.0879002976830827,13.4807272861488,13.4807272861488,Republic of Cuba,North America
GNB,615366.410580108,23899.38652179,23899.38652179,0.0388376520246856,0.0388376520246856,99,2,0,0.615366410580108,0.02389938652179,0.02389938652179,3.88376520246856,3.88376520246856,Republic of Guinea-Bissau,Africa
NLD,586838.369324552,586838.369324552,586838.369324552,1,1,228,228,228,0.586838369324552,0.586838369324552,0.586838369324552,100,100,Kingdom of the Netherlands,Europe
BIH,570058.525940391,26966.9848815149,26966.9848815149,0.0473056425864855,0.0473056425864855,203,9,3,0.570058525940391,0.0269669848815149,0.0269669848815149,4.73056425864855,4.73056425864855,Bosnia and Herzegovina,Europe
ALB,554381.822324394,32174.9182307673,32174.9182307673,0.0580374697277508,0.0580374697277508,126,7,3,0.554381822324394,0.0321749182307673,0.0321749182307673,5.80374697277508,5.80374697277508,Republic of Albania,Europe
TGO,539112.880243034,11846.1843766279,11846.1843766279,0.0219734768185981,0.0219734768185981,149,6,4,0.539112880243034,0.0118461843766279,0.0118461843766279,2.19734768185981,2.19734768185981,Togolese Republic,Africa
BFA,478863.554890068,24140.9394380535,24140.9394380535,0.0504129813002694,0.0504129813002694,72,2,2,0.478863554890068,0.0241409394380535,0.0241409394380535,5.04129813002694,5.04129813002694,Burkina Faso,Africa
GNQ,449376.098193336,20275.7666945772,20275.7666945772,0.045119815620131,0.045119815620131,75,4,4,0.449376098193336,0.0202757666945772,0.0202757666945772,4.5119815620131,4.5119815620131,Republic of Equatorial Guinea,Africa
DNK,404517.802611695,315702.057848842,315702.057848842,0.780440454809578,0.780440454809578,259,187,138,0.404517802611695,0.315702057848842,0.315702057848842,78.0440454809578,78.0440454809578,Kingdom of Denmark,Europe
MNE,348987.850850162,41798.9094247137,41798.9094247137,0.119771818196216,0.119771818196216,101,14,6,0.348987850850162,0.0417989094247137,0.0417989094247137,11.9771818196216,11.9771818196216,Montenegro,Europe
IRL,348012.99789044,77018.2281596567,77018.2281596567,0.221308481655916,0.221308481655916,182,29,17,0.34801299789044,0.0770182281596567,0.0770182281596567,22.1308481655916,22.1308481655916,Ireland,Europe
ARM,347747.105126678,30203.5240716163,30203.5240716163,0.0868548540774011,0.0868548540774011,68,5,3,0.347747105126678,0.0302035240716163,0.0302035240716163,8.68548540774011,8.68548540774011,Republic of Armenia,Asia
NAM,314633.198495467,8451.15147725206,8451.15147725206,0.0268603297988397,0.0268603297988397,32,1,0,0.314633198495467,0.00845115147725206,0.00845115147725206,2.68603297988397,2.68603297988397,Republic of Namibia,Africa
SWZ,301640.086510485,65234.4881680845,65234.4881680845,0.21626597751893,0.21626597751893,57,9,7,0.301640086510485,0.0652344881680845,0.0652344881680845,21.626597751893,21.626597751893,Kingdom of eSwatini,Africa
RWA,277380.352055902,0,0,0,0,50,0,0,0.277380352055902,0,0,0,0,Republic of Rwanda,Africa
SLV,263086.611249691,57116.5481374899,57116.5481374899,0.2171016908317,0.2171016908317,87,12,9,0.26308661124969,0.0571165481374899,0.0571165481374899,21.71016908317,21.71016908317,Republic of El Salvador,North America
IRN,245686.24076782,3072.14111862439,3072.14111862439,0.0125043271003834,0.0125043271003834,72,1,0,0.24568624076782,0.00307214111862439,0.00307214111862439,1.25043271003834,1.25043271003834,Islamic Republic of Iran,Asia
CYP,237186.660126199,50704.5375925873,50704.5375925873,0.213774828506836,0.213774828506836,25,5,3,0.237186660126199,0.0507045375925873,0.0507045375925873,21.3774828506836,21.3774828506836,Republic of Cyprus,Asia
DZA,212980.016215787,19579.8800648105,19579.8800648105,0.0919329447555898,0.0919329447555898,57,4,1,0.212980016215787,0.0195798800648105,0.0195798800648105,9.19329447555898,9.19329447555898,People's Democratic Republic of Algeria,Africa
TLS,201151.628954743,14234.0802269602,14234.0802269602,0.0707629378937951,0.0707629378937951,64,5,1,0.201151628954743,0.0142340802269602,0.0142340802269602,7.07629378937951,7.07629378937951,Democratic Republic of Timor-Leste,Asia
SDN,177783.947214871,0,0,0,0,22,0,0,0.177783947214871,0,0,0,0,Republic of the Sudan,Africa
JAM,162354.631379583,53895.2931359766,53895.2931359766,0.331960306139774,0.331960306139774,63,17,4,0.162354631379583,0.0538952931359766,0.0538952931359766,33.1960306139774,33.1960306139774,Jamaica,North America
MDA,156576.792900434,1581.37070160007,1581.37070160007,0.0100996493305726,0.0100996493305726,100,2,0,0.156576792900434,0.00158137070160007,0.00158137070160007,1.00996493305726,1.00996493305726,Republic of Moldova,Europe
LUX,152213.924244118,152213.924244118,152213.924244118,1,1,32,32,32,0.152213924244118,0.152213924244118,0.152213924244118,100,100,Grand Duchy of Luxembourg,Europe
URY,149944.161518386,7532.06060394831,7532.06060394831,0.0502324367129477,0.0502324367129477,39,1,1,0.149944161518386,0.00753206060394831,0.00753206060394831,5.02324367129477,5.02324367129477,Oriental Republic of Uruguay,South America
BDI,136564.832898992,2947.42315170316,2947.42315170316,0.0215825925982216,0.0215825925982216,46,3,2,0.136564832898992,0.00294742315170316,0.00294742315170316,2.15825925982216,2.15825925982216,Republic of Burundi,Africa
TTO,126817.339060682,27735.0026267706,27735.0026267706,0.218700398795621,0.218700398795621,33,12,7,0.126817339060682,0.0277350026267706,0.0277350026267706,21.8700398795621,21.8700398795621,Republic of Trinidad and Tobago,North America
NCL,119971.238709832,37503.0388738764,37503.0388738764,0.312600247169099,0.312600247169099,35,10,6,0.119971238709832,0.0375030388738764,0.0375030388738764,31.2600247169099,31.2600247169099,New Caledonia,Oceania
HTI,109900.936841384,15546.92752175,15546.92752175,0.141463102759427,0.141463102759427,41,6,2,0.109900936841384,0.01554692752175,0.01554692752175,14.1463102759427,14.1463102759427,Republic of Haiti,North America
BRN,106278.866842153,14970.798881607,14970.798881607,0.140863365657086,0.140863365657086,31,5,2,0.106278866842153,0.014970798881607,0.014970798881607,14.0863365657086,14.0863365657086,Negara Brunei Darussalam,Asia
PAK,96648.0345040448,0,0,0,0,26,0,0,0.0966480345040448,0,0,0,0,Islamic Republic of Pakistan,Asia
TUR,91646.9023460432,4604.81209832192,4604.81209832192,0.0502451471947729,0.0502451471947729,25,1,0,0.0916469023460432,0.00460481209832192,0.00460481209832192,5.02451471947729,5.02451471947729,Republic of Turkey,Asia
BGD,84755.9322678115,14993.7160135688,14993.7160135688,0.1769046202712,0.1769046202712,40,9,9,0.0847559322678115,0.0149937160135688,0.0149937160135688,17.69046202712,17.69046202712,People's Republic of Bangladesh,Asia
KGZ,75112.3262802729,0,0,0,0,23,0,0,0.0751123262802729,0,0,0,0,Kyrgyz Republic,Asia
TUN,70811.4983239401,0,0,0,0,31,0,0,0.0708114983239401,0,0,0,0,Republic of Tunisia,Africa
UZB,58792.5228237049,0,0,0,0,9,0,0,0.0587925228237048,0,0,0,0,Republic of Uzbekistan,Asia
VUT,45690.571970776,9404.16604591183,9404.16604591183,0.205822900442717,0.205822900442717,16,4,4,0.045690571970776,0.00940416604591183,0.00940416604591183,20.5822900442717,20.5822900442717,Republic of Vanuatu,Oceania
PRI,40963.4132516082,40963.4132516082,40963.4132516082,1,1,40,40,37,0.0409634132516082,0.0409634132516082,0.0409634132516082,100,100,Commonwealth of Puerto Rico,North America
FJI,38978.0209816855,1407.36407188792,1407.36407188792,0.0361066066578699,0.0361066066578699,19,3,2,0.0389780209816855,0.00140736407188792,0.00140736407188792,3.61066066578699,3.61066066578699,Republic of Fiji,Oceania
COM,30614.6999376272,9392.32444766729,9392.32444766729,0.306791327917723,0.306791327917723,7,4,3,0.0306146999376272,0.00939232444766729,0.00939232444766729,30.6791327917723,30.6791327917723,Union of the Comoros,Africa
AFG,29100.9514511642,0,0,0,0,6,0,0,0.0291009514511642,0,0,0,0,Islamic State of Afghanistan,Asia
SOM,29040.233737006,0,0,0,0,7,0,0,0.029040233737006,0,0,0,0,Federal Republic of Somalia,Africa
EGY,28573.5479045645,0,0,0,0,8,0,0,0.0285735479045645,0,0,0,0,Arab Republic of Egypt,Africa
TJK,27281.2490353956,0,0,0,0,5,0,0,0.0272812490353956,0,0,0,0,Republic of Tajikistan,Asia
BHS,26815.8243095326,337.966804179423,337.966804179423,0.0126032599363087,0.0126032599363087,8,1,1,0.0268158243095325,0.000337966804179423,0.000337966804179423,1.26032599363087,1.26032599363087,Commonwealth of the Bahamas,North America
STP,26710.4903006042,2461.77007547637,2461.77007547637,0.0921649152737823,0.0921649152737823,3,1,1,0.0267104903006042,0.00246177007547637,0.00246177007547637,9.21649152737823,9.21649152737823,Democratic Republic of São Tomé and Principe,Africa
AND,24929.6073538866,24929.6073538866,24929.6073538866,1,1,5,5,4,0.0249296073538866,0.0249296073538866,0.0249296073538866,100,100,Principality of Andorra,Europe
HKG,24064.011836234,24064.011836234,24064.011836234,1,1,8,8,8,0.024064011836234,0.024064011836234,0.024064011836234,100,100,"Hong Kong Special Administrative Region, PRC",Asia
PRK,20117.9545193021,388.126193423275,388.126193423275,0.0192925276300277,0.0192925276300277,11,1,0,0.0201179545193021,0.000388126193423275,0.000388126193423275,1.92925276300277,1.92925276300277,Democratic People's Republic of Korea,Asia
ISR,20081.9267181574,16763.4833163619,16763.4833163619,0.834754730043154,0.834754730043154,6,5,5,0.0200819267181574,0.0167634833163619,0.0167634833163619,83.4754730043154,83.4754730043154,State of Israel,Asia
IRQ,18930.7254724996,0,0,0,0,2,0,0,0.0189307254724996,0,0,0,0,Republic of Iraq,Asia
DMA,12944.5484757843,12944.5484757843,12944.5484757843,1,1,5,5,3,0.0129445484757843,0.0129445484757843,0.0129445484757843,100,100,Commonwealth of Dominica,North America
VCT,12467.7340227994,0,0,0,0,3,0,0,0.0124677340227994,0,0,0,0,Saint Vincent and the Grenadines,North America
LBN,11060.8269060124,1747.89753547248,1747.89753547248,0.158025936968813,0.158025936968813,14,3,2,0.0110608269060124,0.00174789753547248,0.00174789753547248,15.8025936968813,15.8025936968813,Lebanese Republic,Asia
LCA,9686.63991269508,7056.46618216969,7056.46618216969,0.728474088617834,0.728474088617834,5,4,2,0.00968663991269508,0.00705646618216969,0.00705646618216969,72.8474088617835,72.8474088617835,Saint Lucia,North America
MUS,7280.1485227255,6933.29001308626,6933.29001308626,0.952355572340798,0.952355572340798,7,5,3,0.0072801485227255,0.00693329001308626,0.00693329001308626,95.2355572340798,95.2355572340798,Republic of Mauritius,Seven seas (open ocean)
SLB,6232.64430414837,0,0,0,0,4,0,0,0.00623264430414837,0,0,0,0,,Oceania
GRD,4335.58597655994,4335.58597655994,4335.58597655994,1,1,3,3,3,0.00433558597655994,0.00433558597655994,0.00433558597655994,100,100,Grenada,North America
LIE,3625.64636816006,3625.64636816006,3625.64636816006,1,1,1,1,1,0.00362564636816006,0.00362564636816006,0.00362564636816006,100,100,Principality of Liechtenstein,Europe
SGP,3076.43703919005,3076.43703919005,3076.43703919005,1,1,2,2,2,0.00307643703919005,0.00307643703919005,0.00307643703919005,100,100,Republic of Singapore,Asia
PLW,2929.3243692125,2563.2519358462,2563.2519358462,0.875031786437255,0.875031786437255,3,2,1,0.0029293243692125,0.0025632519358462,0.0025632519358462,87.5031786437255,87.5031786437255,Republic of Palau,Oceania
CUW,2406.32017043498,2406.32017043498,2406.32017043498,1,1,1,1,0,0.00240632017043498,0.00240632017043498,0.00240632017043498,100,100,Curaçao,North America
IMN,1378.8758565324,1378.8758565324,1378.8758565324,1,1,4,4,4,0.0013788758565324,0.0013788758565324,0.0013788758565324,100,100,,Europe
KNA,1177.54667840051,1177.54667840051,1177.54667840051,1,1,1,1,1,0.00117754667840051,0.00117754667840051,0.00117754667840051,100,100,Federation of Saint Kitts and Nevis,North America
GMB,839.045504243701,119.946123701077,119.946123701077,0.142955445317825,0.142955445317825,3,1,1,0.000839045504243701,0.000119946123701077,0.000119946123701077,14.2955445317825,14.2955445317825,Republic of the Gambia,Africa
ALA,370.764409346543,247.73747454221,247.73747454221,0.668180300743638,0.668180300743638,3,2,2,0.000370764409346543,0.00024773747454221,0.00024773747454221,66.8180300743638,66.8180300743638,Åland Islands,Europe
CYM,348.925476397429,348.925476397429,348.925476397429,1,1,1,1,1,0.000348925476397429,0.000348925476397429,0.000348925476397429,100,100,Cayman Islands,North America
VIR,117.377106279966,117.377106279966,117.377106279966,1,1,1,1,1,0.000117377106279966,0.000117377106279966,0.000117377106279966,100,100,Virgin Islands of the United States,North America
